--------- beginning of crash
08-17 01:59:53.523   653   653 F libc    : Fatal signal 6 (SIGABRT), code -1 (SI_QUEUE) in tid 653 (init), pid 653 (init)
08-17 01:59:53.544   653   653 F libc    : crash_dump helper failed to exec, or was killed
08-10 10:11:35.125 18036 18036 F libc    : Fatal signal 11 (SIGSEGV), code 1 (SEGV_MAPERR), fault addr 0x0 in tid 18036 (m.spotify.music), pid 18036 (m.spotify.music)
08-10 10:11:39.922 18419 18419 F DEBUG   : Process name is com.spotify.music, uid is 10627, not key_process
08-10 10:11:39.922 18419 18419 F DEBUG   : keyProcess: 0
08-10 10:11:39.922 18419 18419 F DEBUG   : *** *** *** *** *** *** *** *** *** *** *** *** *** *** *** ***
08-10 10:11:39.922 18419 18419 F DEBUG   : Build fingerprint: 'OnePlus/CPH2467/OP5958L1:15/UKQ1.230924.001/T.R4T2.23bdcb2-2f14a-1:user/release-keys'
08-10 10:11:39.922 18419 18419 F DEBUG   : Revision: '0'
08-10 10:11:39.922 18419 18419 F DEBUG   : ABI: 'arm64'
08-10 10:11:39.922 18419 18419 F DEBUG   : Timestamp: 2026-08-10 10:11:35.657372809+0530
08-10 10:11:39.922 18419 18419 F DEBUG   : Process uptime: 5s
08-10 10:11:39.922 18419 18419 F DEBUG   : Cmdline: com.spotify.music
08-10 10:11:39.922 18419 18419 F DEBUG   : pid: 18036, tid: 18036, name: m.spotify.music  >>> com.spotify.music <<<
08-10 10:11:39.922 18419 18419 F DEBUG   : uid: 10627
08-10 10:11:39.922 18419 18419 F DEBUG   : signal 11 (SIGSEGV), code 1 (SEGV_MAPERR), fault addr 0x0000000000000000
08-10 10:11:39.922 18419 18419 F DEBUG   : Cause: null pointer dereference
08-10 10:11:39.922 18419 18419 F DEBUG   :     x0  0000000000000001  x1  0000000000000002  x2  000000772f370768  x3  0000000000000004
08-10 10:11:39.922 18419 18419 F DEBUG   :     x4  0000000000000002  x5  0000000000000cda  x6  000000000000020d  x7  00000000fffff28d
08-10 10:11:39.922 18419 18419 F DEBUG   :     x8  0000000000000000  x9  0000000000000002  x10 0000000000000001  x11 000000772f335c34
08-10 10:11:39.922 18419 18419 F DEBUG   :     x12 000000772f355a98  x13 0000000000000000  x14 000000780f4d5000  x15 000000003fffffff
08-10 10:11:39.922 18419 18419 F DEBUG   :     x16 0000000000000001  x17 0000007749fb0230  x18 000000780f6b4000  x19 000000780f4d5041
08-10 10:11:39.922 18419 18419 F DEBUG   :     x20 b40000774ecfc2a0  x21 000000772f334354  x22 000000772f370000  x23 000000772f3335c6
08-10 10:11:39.922 18419 18419 F DEBUG   :     x24 000000772f33321c  x25 000000772f33363b  x26 0000007ff2568a50  x27 0000007ff2568a28
08-10 10:11:39.922 18419 18419 F DEBUG   :     x28 0000007ff2568a00  x29 0000007ff2568dd0
08-10 10:11:39.923 18419 18419 F DEBUG   :     lr  000000772f3535c8  sp  0000007ff25689c0  pc  000000772f3563dc  pst 0000000060001000
08-10 10:11:39.923 18419 18419 F DEBUG   : 1 total frames
08-10 10:11:39.923 18419 18419 F DEBUG   : backtrace:
08-10 10:11:39.923 18419 18419 F DEBUG   :       #00 pc 00000000000263dc  /data/app/~~NTZUmFxguqjnPjj7D9CuhQ==/com.spotify.music-g0wuxgcCm_yr_7fkH_tb4Q==/base.apk!liblspatch.so (offset 0x6445000) (BuildId: ee7607a507cbc61942fdf685bb0f63aa4b80135f)
08-10 10:20:24.424 31986 31986 F libc    : Fatal signal 11 (SIGSEGV), code 1 (SEGV_MAPERR), fault addr 0x0 in tid 31986 (m.spotify.music), pid 31986 (m.spotify.music)
08-10 10:20:28.078 32269 32269 F DEBUG   : Process name is com.spotify.music, uid is 10627, not key_process
08-10 10:20:28.078 32269 32269 F DEBUG   : keyProcess: 0
08-10 10:20:28.078 32269 32269 F DEBUG   : *** *** *** *** *** *** *** *** *** *** *** *** *** *** *** ***
08-10 10:20:28.078 32269 32269 F DEBUG   : Build fingerprint: 'OnePlus/CPH2467/OP5958L1:15/UKQ1.230924.001/T.R4T2.23bdcb2-2f14a-1:user/release-keys'
08-10 10:20:28.078 32269 32269 F DEBUG   : Revision: '0'
08-10 10:20:28.078 32269 32269 F DEBUG   : ABI: 'arm64'
08-10 10:20:28.078 32269 32269 F DEBUG   : Timestamp: 2026-08-10 10:20:24.593834481+0530
08-10 10:20:28.078 32269 32269 F DEBUG   : Process uptime: 9s
08-10 10:20:28.078 32269 32269 F DEBUG   : Cmdline: com.spotify.music
08-10 10:20:28.078 32269 32269 F DEBUG   : pid: 31986, tid: 31986, name: m.spotify.music  >>> com.spotify.music <<<
08-10 10:20:28.078 32269 32269 F DEBUG   : uid: 10627
08-10 10:20:28.078 32269 32269 F DEBUG   : signal 11 (SIGSEGV), code 1 (SEGV_MAPERR), fault addr 0x0000000000000000
08-10 10:20:28.078 32269 32269 F DEBUG   : Cause: null pointer dereference
08-10 10:20:28.078 32269 32269 F DEBUG   :     x0  0000000000000001  x1  0000000000000002  x2  000000772f357768  x3  0000000000000004
08-10 10:20:28.079 32269 32269 F DEBUG   :     x4  0000000000000002  x5  0000000000000cda  x6  000000000000020d  x7  00000000fffff28d
08-10 10:20:28.079 32269 32269 F DEBUG   :     x8  0000000000000000  x9  0000000000000002  x10 0000000000000001  x11 000000772f31cc34
08-10 10:20:28.079 32269 32269 F DEBUG   :     x12 000000772f33ca98  x13 0000000000000000  x14 000000780f4d5000  x15 000000003fffffff
08-10 10:20:28.079 32269 32269 F DEBUG   :     x16 0000000000000001  x17 0000007749fb0230  x18 000000780f6b4000  x19 000000780f4d5041
08-10 10:20:28.079 32269 32269 F DEBUG   :     x20 b40000774ecfc2a0  x21 000000772f31b354  x22 000000772f357000  x23 000000772f31a5c6
08-10 10:20:28.079 32269 32269 F DEBUG   :     x24 000000772f31a21c  x25 000000772f31a63b  x26 0000007ff2568a50  x27 0000007ff2568a28
08-10 10:20:28.079 32269 32269 F DEBUG   :     x28 0000007ff2568a00  x29 0000007ff2568dd0
08-10 10:20:28.079 32269 32269 F DEBUG   :     lr  000000772f33a5c8  sp  0000007ff25689c0  pc  000000772f33d3dc  pst 0000000060001000
08-10 10:20:28.079 32269 32269 F DEBUG   : 1 total frames
08-10 10:20:28.079 32269 32269 F DEBUG   : backtrace:
08-10 10:20:28.079 32269 32269 F DEBUG   :       #00 pc 00000000000263dc  /data/app/~~NTZUmFxguqjnPjj7D9CuhQ==/com.spotify.music-g0wuxgcCm_yr_7fkH_tb4Q==/base.apk!liblspatch.so (offset 0x6445000) (BuildId: ee7607a507cbc61942fdf685bb0f63aa4b80135f)
08-10 10:25:52.001 14388 14388 F libc    : Fatal signal 11 (SIGSEGV), code 1 (SEGV_MAPERR), fault addr 0x0 in tid 14388 (m.spotify.music), pid 14388 (m.spotify.music)
08-10 10:25:53.070 14632 14632 F DEBUG   : Process name is com.spotify.music, uid is 10627, not key_process
08-10 10:25:53.071 14632 14632 F DEBUG   : keyProcess: 0
08-10 10:25:53.071 14632 14632 F DEBUG   : *** *** *** *** *** *** *** *** *** *** *** *** *** *** *** ***
08-10 10:25:53.071 14632 14632 F DEBUG   : Build fingerprint: 'OnePlus/CPH2467/OP5958L1:15/UKQ1.230924.001/T.R4T2.23bdcb2-2f14a-1:user/release-keys'
08-10 10:25:53.071 14632 14632 F DEBUG   : Revision: '0'
08-10 10:25:53.071 14632 14632 F DEBUG   : ABI: 'arm64'
08-10 10:25:53.071 14632 14632 F DEBUG   : Timestamp: 2026-08-10 10:25:52.190524338+0530
08-10 10:25:53.071 14632 14632 F DEBUG   : Process uptime: 4s
08-10 10:25:53.071 14632 14632 F DEBUG   : Cmdline: com.spotify.music
08-10 10:25:53.071 14632 14632 F DEBUG   : pid: 14388, tid: 14388, name: m.spotify.music  >>> com.spotify.music <<<
08-10 10:25:53.071 14632 14632 F DEBUG   : uid: 10627
08-10 10:25:53.071 14632 14632 F DEBUG   : signal 11 (SIGSEGV), code 1 (SEGV_MAPERR), fault addr 0x0000000000000000
08-10 10:25:53.071 14632 14632 F DEBUG   : Cause: null pointer dereference
08-10 10:25:53.071 14632 14632 F DEBUG   :     x0  0000000000000001  x1  0000000000000002  x2  000000772f39c768  x3  0000000000000004
08-10 10:25:53.071 14632 14632 F DEBUG   :     x4  0000000000000002  x5  0000000000000cda  x6  000000000000020d  x7  00000000fffff28d
08-10 10:25:53.071 14632 14632 F DEBUG   :     x8  0000000000000000  x9  0000000000000002  x10 0000000000000001  x11 000000772f361c34
08-10 10:25:53.071 14632 14632 F DEBUG   :     x12 000000772f381a98  x13 0000000000000000  x14 000000780f4d5000  x15 000000003fffffff
08-10 10:25:53.071 14632 14632 F DEBUG   :     x16 0000000000000001  x17 0000007749fb0230  x18 000000780f6b4000  x19 000000780f4d5041
08-10 10:25:53.071 14632 14632 F DEBUG   :     x20 b40000774ecfc2a0  x21 000000772f360354  x22 000000772f39c000  x23 000000772f35f5c6
08-10 10:25:53.071 14632 14632 F DEBUG   :     x24 000000772f35f21c  x25 000000772f35f63b  x26 0000007ff2568a50  x27 0000007ff2568a28
08-10 10:25:53.071 14632 14632 F DEBUG   :     x28 0000007ff2568a00  x29 0000007ff2568dd0
08-10 10:25:53.071 14632 14632 F DEBUG   :     lr  000000772f37f5c8  sp  0000007ff25689c0  pc  000000772f3823dc  pst 0000000060001000
08-10 10:25:53.071 14632 14632 F DEBUG   : 1 total frames
08-10 10:25:53.071 14632 14632 F DEBUG   : backtrace:
08-10 10:25:53.071 14632 14632 F DEBUG   :       #00 pc 00000000000263dc  /data/app/~~NTZUmFxguqjnPjj7D9CuhQ==/com.spotify.music-g0wuxgcCm_yr_7fkH_tb4Q==/base.apk!liblspatch.so (offset 0x6445000) (BuildId: ee7607a507cbc61942fdf685bb0f63aa4b80135f)
08-10 10:42:30.759 27359 27359 F libc    : Fatal signal 11 (SIGSEGV), code 1 (SEGV_MAPERR), fault addr 0x0 in tid 27359 (m.spotify.music), pid 27359 (m.spotify.music)
08-10 10:42:31.591 27374 27374 F DEBUG   : Process name is com.spotify.music, uid is 10627, not key_process
08-10 10:42:31.591 27374 27374 F DEBUG   : keyProcess: 0
08-10 10:42:31.591 27374 27374 F DEBUG   : *** *** *** *** *** *** *** *** *** *** *** *** *** *** *** ***
08-10 10:42:31.591 27374 27374 F DEBUG   : Build fingerprint: 'OnePlus/CPH2467/OP5958L1:15/UKQ1.230924.001/T.R4T2.23bdcb2-2f14a-1:user/release-keys'
08-10 10:42:31.591 27374 27374 F DEBUG   : Revision: '0'
08-10 10:42:31.591 27374 27374 F DEBUG   : ABI: 'arm64'
08-10 10:42:31.591 27374 27374 F DEBUG   : Timestamp: 2026-08-10 10:42:30.960706873+0530
08-10 10:42:31.591 27374 27374 F DEBUG   : Process uptime: 3s
08-10 10:42:31.591 27374 27374 F DEBUG   : Cmdline: com.spotify.music
08-10 10:42:31.591 27374 27374 F DEBUG   : pid: 27359, tid: 27359, name: m.spotify.music  >>> com.spotify.music <<<
08-10 10:42:31.591 27374 27374 F DEBUG   : uid: 10627
08-10 10:42:31.591 27374 27374 F DEBUG   : signal 11 (SIGSEGV), code 1 (SEGV_MAPERR), fault addr 0x0000000000000000
08-10 10:42:31.591 27374 27374 F DEBUG   : Cause: null pointer dereference
08-10 10:42:31.591 27374 27374 F DEBUG   :     x0  0000000000000001  x1  0000000000000002  x2  000000772f357768  x3  0000000000000004
08-10 10:42:31.591 27374 27374 F DEBUG   :     x4  0000000000000002  x5  0000000000000cda  x6  000000000000020d  x7  00000000fffff28d
08-10 10:42:31.591 27374 27374 F DEBUG   :     x8  0000000000000000  x9  0000000000000002  x10 0000000000000001  x11 000000772f31cc34
08-10 10:42:31.591 27374 27374 F DEBUG   :     x12 000000772f33ca98  x13 0000000000000000  x14 000000780f4d5000  x15 000000003fffffff
08-10 10:42:31.591 27374 27374 F DEBUG   :     x16 0000000000000001  x17 0000007749fb0230  x18 000000780f6b4000  x19 000000780f4d5041
08-10 10:42:31.591 27374 27374 F DEBUG   :     x20 b40000774ecfc2a0  x21 000000772f31b354  x22 000000772f357000  x23 000000772f31a5c6
08-10 10:42:31.591 27374 27374 F DEBUG   :     x24 000000772f31a21c  x25 000000772f31a63b  x26 0000007ff2568a50  x27 0000007ff2568a28
08-10 10:42:31.591 27374 27374 F DEBUG   :     x28 0000007ff2568a00  x29 0000007ff2568dd0
08-10 10:42:31.591 27374 27374 F DEBUG   :     lr  000000772f33a5c8  sp  0000007ff25689c0  pc  000000772f33d3dc  pst 0000000060001000
08-10 10:42:31.591 27374 27374 F DEBUG   : 1 total frames
08-10 10:42:31.591 27374 27374 F DEBUG   : backtrace:
08-10 10:42:31.591 27374 27374 F DEBUG   :       #00 pc 00000000000263dc  /data/app/~~NTZUmFxguqjnPjj7D9CuhQ==/com.spotify.music-g0wuxgcCm_yr_7fkH_tb4Q==/base.apk!liblspatch.so (offset 0x6445000) (BuildId: ee7607a507cbc61942fdf685bb0f63aa4b80135f)
08-10 10:47:16.471 29078 29078 F libc    : Fatal signal 11 (SIGSEGV), code 1 (SEGV_MAPERR), fault addr 0x0 in tid 29078 (m.spotify.music), pid 29078 (m.spotify.music)
08-10 10:47:17.334 29257 29257 F DEBUG   : Process name is com.spotify.music, uid is 10627, not key_process
08-10 10:47:17.335 29257 29257 F DEBUG   : keyProcess: 0
08-10 10:47:17.335 29257 29257 F DEBUG   : *** *** *** *** *** *** *** *** *** *** *** *** *** *** *** ***
08-10 10:47:17.335 29257 29257 F DEBUG   : Build fingerprint: 'OnePlus/CPH2467/OP5958L1:15/UKQ1.230924.001/T.R4T2.23bdcb2-2f14a-1:user/release-keys'
08-10 10:47:17.335 29257 29257 F DEBUG   : Revision: '0'
08-10 10:47:17.335 29257 29257 F DEBUG   : ABI: 'arm64'
08-10 10:47:17.335 29257 29257 F DEBUG   : Timestamp: 2026-08-10 10:47:16.625975462+0530
08-10 10:47:17.335 29257 29257 F DEBUG   : Process uptime: 3s
08-10 10:47:17.335 29257 29257 F DEBUG   : Cmdline: com.spotify.music
08-10 10:47:17.335 29257 29257 F DEBUG   : pid: 29078, tid: 29078, name: m.spotify.music  >>> com.spotify.music <<<
08-10 10:47:17.335 29257 29257 F DEBUG   : uid: 10627
08-10 10:47:17.335 29257 29257 F DEBUG   : signal 11 (SIGSEGV), code 1 (SEGV_MAPERR), fault addr 0x0000000000000000
08-10 10:47:17.335 29257 29257 F DEBUG   : Cause: null pointer dereference
08-10 10:47:17.335 29257 29257 F DEBUG   :     x0  0000000000000001  x1  0000000000000002  x2  000000772f36e768  x3  0000000000000004
08-10 10:47:17.335 29257 29257 F DEBUG   :     x4  0000000000000002  x5  0000000000000cda  x6  000000000000020d  x7  00000000fffff28d
08-10 10:47:17.335 29257 29257 F DEBUG   :     x8  0000000000000000  x9  0000000000000002  x10 0000000000000001  x11 000000772f333c34
08-10 10:47:17.335 29257 29257 F DEBUG   :     x12 000000772f353a98  x13 0000000000000000  x14 000000780f4d5000  x15 000000003fffffff
08-10 10:47:17.335 29257 29257 F DEBUG   :     x16 0000000000000001  x17 0000007749fb0230  x18 000000780f6b4000  x19 000000780f4d5041
08-10 10:47:17.335 29257 29257 F DEBUG   :     x20 b40000774ecfc2a0  x21 000000772f332354  x22 000000772f36e000  x23 000000772f3315c6
08-10 10:47:17.335 29257 29257 F DEBUG   :     x24 000000772f33121c  x25 000000772f33163b  x26 0000007ff2568a50  x27 0000007ff2568a28
08-10 10:47:17.335 29257 29257 F DEBUG   :     x28 0000007ff2568a00  x29 0000007ff2568dd0
08-10 10:47:17.335 29257 29257 F DEBUG   :     lr  000000772f3515c8  sp  0000007ff25689c0  pc  000000772f3543dc  pst 0000000060001000
08-10 10:47:17.335 29257 29257 F DEBUG   : 1 total frames
08-10 10:47:17.335 29257 29257 F DEBUG   : backtrace:
08-10 10:47:17.335 29257 29257 F DEBUG   :       #00 pc 00000000000263dc  /data/app/~~NTZUmFxguqjnPjj7D9CuhQ==/com.spotify.music-g0wuxgcCm_yr_7fkH_tb4Q==/base.apk!liblspatch.so (offset 0x6445000) (BuildId: ee7607a507cbc61942fdf685bb0f63aa4b80135f)
08-10 10:47:45.828 29659 29659 F libc    : Fatal signal 11 (SIGSEGV), code 1 (SEGV_MAPERR), fault addr 0x0 in tid 29659 (m.spotify.music), pid 29659 (m.spotify.music)
08-10 10:47:46.382 29736 29736 F DEBUG   : Process name is com.spotify.music, uid is 10627, not key_process
08-10 10:47:46.382 29736 29736 F DEBUG   : keyProcess: 0
08-10 10:47:46.382 29736 29736 F DEBUG   : *** *** *** *** *** *** *** *** *** *** *** *** *** *** *** ***
08-10 10:47:46.382 29736 29736 F DEBUG   : Build fingerprint: 'OnePlus/CPH2467/OP5958L1:15/UKQ1.230924.001/T.R4T2.23bdcb2-2f14a-1:user/release-keys'
08-10 10:47:46.382 29736 29736 F DEBUG   : Revision: '0'
08-10 10:47:46.382 29736 29736 F DEBUG   : ABI: 'arm64'
08-10 10:47:46.382 29736 29736 F DEBUG   : Timestamp: 2026-08-10 10:47:45.956196128+0530
08-10 10:47:46.382 29736 29736 F DEBUG   : Process uptime: 4s
08-10 10:47:46.382 29736 29736 F DEBUG   : Cmdline: com.spotify.music
08-10 10:47:46.382 29736 29736 F DEBUG   : pid: 29659, tid: 29659, name: m.spotify.music  >>> com.spotify.music <<<
08-10 10:47:46.382 29736 29736 F DEBUG   : uid: 10627
08-10 10:47:46.382 29736 29736 F DEBUG   : signal 11 (SIGSEGV), code 1 (SEGV_MAPERR), fault addr 0x0000000000000000
08-10 10:47:46.382 29736 29736 F DEBUG   : Cause: null pointer dereference
08-10 10:47:46.382 29736 29736 F DEBUG   :     x0  0000000000000001  x1  0000000000000002  x2  00000076d44d3768  x3  0000000000000004
08-10 10:47:46.382 29736 29736 F DEBUG   :     x4  0000000000000002  x5  0000000000000cda  x6  000000000000020d  x7  00000000fffff28d
08-10 10:47:46.382 29736 29736 F DEBUG   :     x8  0000000000000000  x9  0000000000000002  x10 0000000000000001  x11 00000076d4498c34
08-10 10:47:46.382 29736 29736 F DEBUG   :     x12 00000076d44b8a98  x13 0000000000000000  x14 000000780f4d5000  x15 000000003fffffff
08-10 10:47:46.382 29736 29736 F DEBUG   :     x16 0000000000000001  x17 0000007749fb0230  x18 000000780f6b4000  x19 000000780f4d5041
08-10 10:47:46.383 29736 29736 F DEBUG   :     x20 b40000774ecfc2a0  x21 00000076d4497354  x22 00000076d44d3000  x23 00000076d44965c6
08-10 10:47:46.383 29736 29736 F DEBUG   :     x24 00000076d449621c  x25 00000076d449663b  x26 0000007ff2568a50  x27 0000007ff2568a28
08-10 10:47:46.383 29736 29736 F DEBUG   :     x28 0000007ff2568a00  x29 0000007ff2568dd0
08-10 10:47:46.383 29736 29736 F DEBUG   :     lr  00000076d44b65c8  sp  0000007ff25689c0  pc  00000076d44b93dc  pst 0000000060001000
08-10 10:47:46.383 29736 29736 F DEBUG   : 1 total frames
08-10 10:47:46.383 29736 29736 F DEBUG   : backtrace:
08-10 10:47:46.383 29736 29736 F DEBUG   :       #00 pc 00000000000263dc  /data/app/~~NTZUmFxguqjnPjj7D9CuhQ==/com.spotify.music-g0wuxgcCm_yr_7fkH_tb4Q==/base.apk!liblspatch.so (offset 0x6445000) (BuildId: ee7607a507cbc61942fdf685bb0f63aa4b80135f)
08-10 11:13:12.530  1263 13041 F libc    : Fatal signal 6 (SIGABRT), code -1 (SI_QUEUE) in tid 13041 (binder:1263_C), pid 1263 (audioserver)
08-10 22:23:46.350 13972 19035 F libc    : Fatal signal 11 (SIGSEGV), code 1 (SEGV_MAPERR), fault addr 0x93020489040003 in tid 19035 (mqt_v_js), pid 13972 (st.exp.exponent)
08-10 22:23:47.186 19082 19082 F DEBUG   : Process name is host.exp.exponent, uid is 10441, not key_process
08-10 22:23:47.186 19082 19082 F DEBUG   : keyProcess: 0
08-10 22:23:47.186 19082 19082 F DEBUG   : *** *** *** *** *** *** *** *** *** *** *** *** *** *** *** ***
08-10 22:23:47.186 19082 19082 F DEBUG   : Build fingerprint: 'OnePlus/CPH2467/OP5958L1:15/UKQ1.230924.001/T.R4T2.23bdcb2-2f14a-1:user/release-keys'
08-10 22:23:47.186 19082 19082 F DEBUG   : Revision: '0'
08-10 22:23:47.186 19082 19082 F DEBUG   : ABI: 'arm64'
08-10 22:23:47.186 19082 19082 F DEBUG   : Timestamp: 2026-08-10 22:23:46.504060922+0530
08-10 22:23:47.186 19082 19082 F DEBUG   : Process uptime: 407s
08-10 22:23:47.186 19082 19082 F DEBUG   : Cmdline: host.exp.exponent
08-10 22:23:47.186 19082 19082 F DEBUG   : pid: 13972, tid: 19035, name: mqt_v_js  >>> host.exp.exponent <<<
08-10 22:23:47.186 19082 19082 F DEBUG   : uid: 10441
08-10 22:23:47.186 19082 19082 F DEBUG   : signal 11 (SIGSEGV), code 1 (SEGV_MAPERR), fault addr 0x0093020489040003
08-10 22:23:47.186 19082 19082 F DEBUG   :     x0  b4000074d240d7c0  x1  0193020489040003  x2  0000000000090203  x3  0000000000000000
08-10 22:23:47.186 19082 19082 F DEBUG   :     x4  01930204890d0206  x5  b4000074d249d9c3  x6  0000000000000000  x7  0000000000200000
08-10 22:23:47.186 19082 19082 F DEBUG   :     x8  0000000000090211  x9  7b9ed62f1530f716  x10 00000074d24007c0  x11 0000000000000002
08-10 22:23:47.186 19082 19082 F DEBUG   :     x12 000000000000001f  x13 000000000000000d  x14 b26cfe70493cd7bd  x15 0000000000000001
08-10 22:23:47.186 19082 19082 F DEBUG   :     x16 0000007669542838  x17 00000077daf0dac0  x18 0000007684210000  x19 0000000000090203
08-10 22:23:47.186 19082 19082 F DEBUG   :     x20 b4000074d240d7c0  x21 0193020489040003  x22 000000000009020f  x23 00000076c89c4698
08-10 22:23:47.186 19082 19082 F DEBUG   :     x24 00000076c89c4698  x25 0000000000000002  x26 b4000075957ee8e0  x27 b4000075957ff832
08-10 22:23:47.186 19082 19082 F DEBUG   :     x28 0000007696efc518  x29 00000076c89c4470
08-10 22:23:47.186 19082 19082 F DEBUG   :     lr  000000766936011c  sp  00000076c89c4470  pc  00000077daf0dba0  pst 00000000a0001000
08-10 22:23:47.186 19082 19082 F DEBUG   : 61 total frames
08-10 22:23:47.186 19082 19082 F DEBUG   : backtrace:
08-10 22:23:47.186 19082 19082 F DEBUG   :       #00 pc 000000000008cba0  /apex/com.android.runtime/lib64/bionic/libc.so (__memcpy_aarch64_simd+224) (BuildId: 1d6558a3b88dbb195284ac1e713c1e3c)
08-10 22:23:47.186 19082 19082 F DEBUG   :       #01 pc 00000000000f5118  /data/app/~~cfNxXqddFfEQjkbswQUrrw==/host.exp.exponent-tfT13fULf-NxQmg9wJpadg==/base.apk!libhermesvm.so (offset 0x206c000) (BuildId: 995c7ea8e07bff4da3627dfb9d67fc3f1272bf05)
08-10 22:23:47.186 19082 19082 F DEBUG   :       #02 pc 00000000000f58dc  /data/app/~~cfNxXqddFfEQjkbswQUrrw==/host.exp.exponent-tfT13fULf-NxQmg9wJpadg==/base.apk!libhermesvm.so (offset 0x206c000) (BuildId: 995c7ea8e07bff4da3627dfb9d67fc3f1272bf05)
08-10 22:23:47.186 19082 19082 F DEBUG   :       #03 pc 000000000009891c  /data/app/~~cfNxXqddFfEQjkbswQUrrw==/host.exp.exponent-tfT13fULf-NxQmg9wJpadg==/base.apk!libworklets.so (offset 0x3a80000) (BuildId: 86b6ad38e383ea8e699cfdb1feeedb5559bc5249)
08-10 22:23:47.186 19082 19082 F DEBUG   :       #04 pc 00000000000f81a0  /data/app/~~cfNxXqddFfEQjkbswQUrrw==/host.exp.exponent-tfT13fULf-NxQmg9wJpadg==/base.apk!libhermesvm.so (offset 0x206c000) (BuildId: 995c7ea8e07bff4da3627dfb9d67fc3f1272bf05)
08-10 22:23:47.186 19082 19082 F DEBUG   :       #05 pc 00000000000f7edc  /data/app/~~cfNxXqddFfEQjkbswQUrrw==/host.exp.exponent-tfT13fULf-NxQmg9wJpadg==/base.apk!libhermesvm.so (offset 0x206c000) (BuildId: 995c7ea8e07bff4da3627dfb9d67fc3f1272bf05)
08-10 22:23:47.186 19082 19082 F DEBUG   :       #06 pc 00000000001f1d0c  /data/app/~~cfNxXqddFfEQjkbswQUrrw==/host.exp.exponent-tfT13fULf-NxQmg9wJpadg==/base.apk!libhermesvm.so (offset 0x206c000) (BuildId: 995c7ea8e07bff4da3627dfb9d67fc3f1272bf05)
08-10 22:23:47.186 19082 19082 F DEBUG   :       #07 pc 0000000000206734  /data/app/~~cfNxXqddFfEQjkbswQUrrw==/host.exp.exponent-tfT13fULf-NxQmg9wJpadg==/base.apk!libhermesvm.so (offset 0x206c000) (BuildId: 995c7ea8e07bff4da3627dfb9d67fc3f1272bf05)
08-10 22:23:47.186 19082 19082 F DEBUG   :       #08 pc 0000000000206ebc  /data/app/~~cfNxXqddFfEQjkbswQUrrw==/host.exp.exponent-tfT13fULf-NxQmg9wJpadg==/base.apk!libhermesvm.so (offset 0x206c000) (BuildId: 995c7ea8e07bff4da3627dfb9d67fc3f1272bf05)
08-10 22:23:47.186 19082 19082 F DEBUG   :       #09 pc 0000000000206810  /data/app/~~cfNxXqddFfEQjkbswQUrrw==/host.exp.exponent-tfT13fULf-NxQmg9wJpadg==/base.apk!libhermesvm.so (offset 0x206c000) (BuildId: 995c7ea8e07bff4da3627dfb9d67fc3f1272bf05)
08-10 22:23:47.186 19082 19082 F DEBUG   :       #10 pc 00000000001f1f2c  /data/app/~~cfNxXqddFfEQjkbswQUrrw==/host.exp.exponent-tfT13fULf-NxQmg9wJpadg==/base.apk!libhermesvm.so (offset 0x206c000) (BuildId: 995c7ea8e07bff4da3627dfb9d67fc3f1272bf05)
08-10 22:23:47.186 19082 19082 F DEBUG   :       #11 pc 00000000001f0084  /data/app/~~cfNxXqddFfEQjkbswQUrrw==/host.exp.exponent-tfT13fULf-NxQmg9wJpadg==/base.apk!libhermesvm.so (offset 0x206c000) (BuildId: 995c7ea8e07bff4da3627dfb9d67fc3f1272bf05)
08-10 22:23:47.186 19082 19082 F DEBUG   :       #12 pc 0000000000220bc4  /data/app/~~cfNxXqddFfEQjkbswQUrrw==/host.exp.exponent-tfT13fULf-NxQmg9wJpadg==/base.apk!libhermesvm.so (offset 0x206c000) (BuildId: 995c7ea8e07bff4da3627dfb9d67fc3f1272bf05)
08-10 22:23:47.186 19082 19082 F DEBUG   :       #13 pc 00000000002144dc  /data/app/~~cfNxXqddFfEQjkbswQUrrw==/host.exp.exponent-tfT13fULf-NxQmg9wJpadg==/base.apk!libhermesvm.so (offset 0x206c000) (BuildId: 995c7ea8e07bff4da3627dfb9d67fc3f1272bf05)
08-10 22:23:47.186 19082 19082 F DEBUG   :       #14 pc 0000000000208fcc  /data/app/~~cfNxXqddFfEQjkbswQUrrw==/host.exp.exponent-tfT13fULf-NxQmg9wJpadg==/base.apk!libhermesvm.so (offset 0x206c000) (BuildId: 995c7ea8e07bff4da3627dfb9d67fc3f1272bf05)
08-10 22:23:47.186 19082 19082 F DEBUG   :       #15 pc 0000000000206810  /data/app/~~cfNxXqddFfEQjkbswQUrrw==/host.exp.exponent-tfT13fULf-NxQmg9wJpadg==/base.apk!libhermesvm.so (offset 0x206c000) (BuildId: 995c7ea8e07bff4da3627dfb9d67fc3f1272bf05)
08-10 22:23:47.186 19082 19082 F DEBUG   :       #16 pc 00000000001f1f2c  /data/app/~~cfNxXqddFfEQjkbswQUrrw==/host.exp.exponent-tfT13fULf-NxQmg9wJpadg==/base.apk!libhermesvm.so (offset 0x206c000) (BuildId: 995c7ea8e07bff4da3627dfb9d67fc3f1272bf05)
08-10 22:23:47.186 19082 19082 F DEBUG   :       #17 pc 00000000001f168c  /data/app/~~cfNxXqddFfEQjkbswQUrrw==/host.exp.exponent-tfT13fULf-NxQmg9wJpadg==/base.apk!libhermesvm.so (offset 0x206c000) (BuildId: 995c7ea8e07bff4da3627dfb9d67fc3f1272bf05)
08-10 22:23:47.186 19082 19082 F DEBUG   :       #18 pc 0000000000206748  /data/app/~~cfNxXqddFfEQjkbswQUrrw==/host.exp.exponent-tfT13fULf-NxQmg9wJpadg==/base.apk!libhermesvm.so (offset 0x206c000) (BuildId: 995c7ea8e07bff4da3627dfb9d67fc3f1272bf05)
08-10 22:23:47.186 19082 19082 F DEBUG   :       #19 pc 0000000000206ebc  /data/app/~~cfNxXqddFfEQjkbswQUrrw==/host.exp.exponent-tfT13fULf-NxQmg9wJpadg==/base.apk!libhermesvm.so (offset 0x206c000) (BuildId: 995c7ea8e07bff4da3627dfb9d67fc3f1272bf05)
08-10 22:23:47.186 19082 19082 F DEBUG   :       #20 pc 0000000000206810  /data/app/~~cfNxXqddFfEQjkbswQUrrw==/host.exp.exponent-tfT13fULf-NxQmg9wJpadg==/base.apk!libhermesvm.so (offset 0x206c000) (BuildId: 995c7ea8e07bff4da3627dfb9d67fc3f1272bf05)
08-10 22:23:47.186 19082 19082 F DEBUG   :       #21 pc 00000000001f1f2c  /data/app/~~cfNxXqddFfEQjkbswQUrrw==/host.exp.exponent-tfT13fULf-NxQmg9wJpadg==/base.apk!libhermesvm.so (offset 0x206c000) (BuildId: 995c7ea8e07bff4da3627dfb9d67fc3f1272bf05)
08-10 22:23:47.186 19082 19082 F DEBUG   :       #22 pc 00000000001f168c  /data/app/~~cfNxXqddFfEQjkbswQUrrw==/host.exp.exponent-tfT13fULf-NxQmg9wJpadg==/base.apk!libhermesvm.so (offset 0x206c000) (BuildId: 995c7ea8e07bff4da3627dfb9d67fc3f1272bf05)
08-10 22:23:47.186 19082 19082 F DEBUG   :       #23 pc 00000000000efb08  /data/app/~~cfNxXqddFfEQjkbswQUrrw==/host.exp.exponent-tfT13fULf-NxQmg9wJpadg==/base.apk!libhermesvm.so (offset 0x206c000) (BuildId: 995c7ea8e07bff4da3627dfb9d67fc3f1272bf05)
08-10 22:23:47.186 19082 19082 F DEBUG   :       #24 pc 000000000037ff7c  /data/app/~~cfNxXqddFfEQjkbswQUrrw==/host.exp.exponent-tfT13fULf-NxQmg9wJpadg==/base.apk!libreactnative.so (offset 0x26f8000) (BuildId: 0ddb33254da2ff342e6c5e0a11334eae2254fc2e)
08-10 22:23:47.186 19082 19082 F DEBUG   :       #25 pc 00000000000f81a0  /data/app/~~cfNxXqddFfEQjkbswQUrrw==/host.exp.exponent-tfT13fULf-NxQmg9wJpadg==/base.apk!libhermesvm.so (offset 0x206c000) (BuildId: 995c7ea8e07bff4da3627dfb9d67fc3f1272bf05)
08-10 22:23:47.186 19082 19082 F DEBUG   :       #26 pc 00000000000f7edc  /data/app/~~cfNxXqddFfEQjkbswQUrrw==/host.exp.exponent-tfT13fULf-NxQmg9wJpadg==/base.apk!libhermesvm.so (offset 0x206c000) (BuildId: 995c7ea8e07bff4da3627dfb9d67fc3f1272bf05)
08-10 22:23:47.186 19082 19082 F DEBUG   :       #27 pc 00000000001f1d0c  /data/app/~~cfNxXqddFfEQjkbswQUrrw==/host.exp.exponent-tfT13fULf-NxQmg9wJpadg==/base.apk!libhermesvm.so (offset 0x206c000) (BuildId: 995c7ea8e07bff4da3627dfb9d67fc3f1272bf05)
08-10 22:23:47.186 19082 19082 F DEBUG   :       #28 pc 0000000000206734  /data/app/~~cfNxXqddFfEQjkbswQUrrw==/host.exp.exponent-tfT13fULf-NxQmg9wJpadg==/base.apk!libhermesvm.so (offset 0x206c000) (BuildId: 995c7ea8e07bff4da3627dfb9d67fc3f1272bf05)
08-10 22:23:47.186 19082 19082 F DEBUG   :       #29 pc 0000000000206ebc  /data/app/~~cfNxXqddFfEQjkbswQUrrw==/host.exp.exponent-tfT13fULf-NxQmg9wJpadg==/base.apk!libhermesvm.so (offset 0x206c000) (BuildId: 995c7ea8e07bff4da3627dfb9d67fc3f1272bf05)
08-10 22:23:47.186 19082 19082 F DEBUG   :       #30 pc 0000000000206810  /data/app/~~cfNxXqddFfEQjkbswQUrrw==/host.exp.exponent-tfT13fULf-NxQmg9wJpadg==/base.apk!libhermesvm.so (offset 0x206c000) (BuildId: 995c7ea8e07bff4da3627dfb9d67fc3f1272bf05)
08-10 22:23:47.186 19082 19082 F DEBUG   :       #31 pc 00000000001f1f2c  /data/app/~~cfNxXqddFfEQjkbswQUrrw==/host.exp.exponent-tfT13fULf-NxQmg9wJpadg==/base.apk!libhermesvm.so (offset 0x206c000) (BuildId: 995c7ea8e07bff4da3627dfb9d67fc3f1272bf05)
08-10 22:23:47.186 19082 19082 F DEBUG   :       #32 pc 00000000001f168c  /data/app/~~cfNxXqddFfEQjkbswQUrrw==/host.exp.exponent-tfT13fULf-NxQmg9wJpadg==/base.apk!libhermesvm.so (offset 0x206c000) (BuildId: 995c7ea8e07bff4da3627dfb9d67fc3f1272bf05)
08-10 22:23:47.186 19082 19082 F DEBUG   :       #33 pc 00000000000efb08  /data/app/~~cfNxXqddFfEQjkbswQUrrw==/host.exp.exponent-tfT13fULf-NxQmg9wJpadg==/base.apk!libhermesvm.so (offset 0x206c000) (BuildId: 995c7ea8e07bff4da3627dfb9d67fc3f1272bf05)
08-10 22:23:47.186 19082 19082 F DEBUG   :       #34 pc 000000000050fdac  /data/app/~~cfNxXqddFfEQjkbswQUrrw==/host.exp.exponent-tfT13fULf-NxQmg9wJpadg==/base.apk!libreactnative.so (offset 0x26f8000) (facebook::react::Task::execute(facebook::jsi::Runtime&, bool)+240) (BuildId: 0ddb33254da2ff342e6c5e0a11334eae2254fc2e)
08-10 22:23:47.186 19082 19082 F DEBUG   :       #35 pc 000000000050df84  /data/app/~~cfNxXqddFfEQjkbswQUrrw==/host.exp.exponent-tfT13fULf-NxQmg9wJpadg==/base.apk!libreactnative.so (offset 0x26f8000) (facebook::react::RuntimeScheduler_Modern::executeTask(facebook::jsi::Runtime&, facebook::react::Task&, bool) const+60) (BuildId: 0ddb33254da2ff342e6c5e0a11334eae2254fc2e)
08-10 22:23:47.186 19082 19082 F DEBUG   :       #36 pc 000000000050e894  /data/app/~~cfNxXqddFfEQjkbswQUrrw==/host.exp.exponent-tfT13fULf-NxQmg9wJpadg==/base.apk!libreactnative.so (offset 0x26f8000) (facebook::react::RuntimeScheduler_Modern::runEventLoopTick(facebook::jsi::Runtime&, facebook::react::Task&)+124) (BuildId: 0ddb33254da2ff342e6c5e0a11334eae2254fc2e)
08-10 22:23:47.186 19082 19082 F DEBUG   :       #37 pc 000000000050e5a4  /data/app/~~cfNxXqddFfEQjkbswQUrrw==/host.exp.exponent-tfT13fULf-NxQmg9wJpadg==/base.apk!libreactnative.so (offset 0x26f8000) (facebook::react::RuntimeScheduler_Modern::runEventLoop(facebook::jsi::Runtime&)+88) (BuildId: 0ddb33254da2ff342e6c5e0a11334eae2254fc2e)
08-10 22:23:47.186 19082 19082 F DEBUG   :       #38 pc 00000000002d4020  /data/app/~~cfNxXqddFfEQjkbswQUrrw==/host.exp.exponent-tfT13fULf-NxQmg9wJpadg==/base.apk!libreactnative.so (offset 0x26f8000) (BuildId: 0ddb33254da2ff342e6c5e0a11334eae2254fc2e)
08-10 22:23:47.186 19082 19082 F DEBUG   :       #39 pc 00000000005552f4  /data/app/~~cfNxXqddFfEQjkbswQUrrw==/host.exp.exponent-tfT13fULf-NxQmg9wJpadg==/base.apk!libreactnative.so (offset 0x26f8000) (BuildId: 0ddb33254da2ff342e6c5e0a11334eae2254fc2e)
08-10 22:23:47.186 19082 19082 F DEBUG   :       #40 pc 0000000000017dd0  /data/app/~~cfNxXqddFfEQjkbswQUrrw==/host.exp.exponent-tfT13fULf-NxQmg9wJpadg==/base.apk!libfbjni.so (offset 0x1fc0000) (facebook::jni::detail::MethodWrapper<void (facebook::jni::JNativeRunnable::*)(), &facebook::jni::JNativeRunnable::run(), facebook::jni::JNativeRunnable, void>::dispatch(facebook::jni::alias_ref<facebook::jni::detail::JTypeFor<facebook::jni::HybridClass<facebook::jni::JNativeRunnable, facebook::jni::JRunnable>::JavaPart, facebook::jni::JRunnable, void>::_javaobject*>)+72) (BuildId: e438f6554af1d86b210a05412e96c4251e570157)
08-10 22:23:47.186 19082 19082 F DEBUG   :       #41 pc 0000000000017d10  /data/app/~~cfNxXqddFfEQjkbswQUrrw==/host.exp.exponent-tfT13fULf-NxQmg9wJpadg==/base.apk!libfbjni.so (offset 0x1fc0000) (facebook::jni::detail::FunctionWrapper<void (*)(facebook::jni::alias_ref<facebook::jni::detail::JTypeFor<facebook::jni::HybridClass<facebook::jni::JNativeRunnable, facebook::jni::JRunnable>::JavaPart, facebook::jni::JRunnable, void>::_javaobject*>), facebook::jni::detail::JTypeFor<facebook::jni::HybridClass<facebook::jni::JNativeRunnable, facebook::jni::JRunnable>::JavaPart, facebook::jni::JRunnable, void>::_javaobject*, void>::call(_JNIEnv*, _jobject*, void (*)(facebook::jni::alias_ref<facebook::jni::detail::JTypeFor<facebook::jni::HybridClass<facebook::jni::JNativeRunnable, facebook::jni::JRunnable>::JavaPart, facebook::jni::JRunnable, void>::_javaobject*>))+60) (BuildId: e438f6554af1d86b210a05412e96c4251e570157)
08-10 22:23:47.186 19082 19082 F DEBUG   :       #42 pc 00000000010bda10  /data/misc/apexdata/com.android.art/dalvik-cache/arm64/boot.oat (art_jni_trampoline+112)
08-10 22:23:47.186 19082 19082 F DEBUG   :       #43 pc 0000000000a87aec  /data/misc/apexdata/com.android.art/dalvik-cache/arm64/boot.oat (android.os.Handler.handleCallback+716)
08-10 22:23:47.186 19082 19082 F DEBUG   :       #44 pc 0000000000a87b60  /data/misc/apexdata/com.android.art/dalvik-cache/arm64/boot.oat (android.os.Handler.dispatchMessage+64)
08-10 22:23:47.186 19082 19082 F DEBUG   :       #45 pc 000000000072b8dc  /apex/com.android.art/lib64/libart.so (nterp_helper+2124) (BuildId: cecb684d19b4f44ee3cbd66142c315f4)
08-10 22:23:47.186 19082 19082 F DEBUG   :       #46 pc 000000000109603c  /data/app/~~cfNxXqddFfEQjkbswQUrrw==/host.exp.exponent-tfT13fULf-NxQmg9wJpadg==/oat/arm64/base.vdex (com.facebook.react.bridge.queue.MessageQueueThreadHandler.dispatchMessage+16)
08-10 22:23:47.186 19082 19082 F DEBUG   :       #47 pc 0000000000a8e950  /data/misc/apexdata/com.android.art/dalvik-cache/arm64/boot.oat (android.os.Looper.loopOnce+1296)
08-10 22:23:47.186 19082 19082 F DEBUG   :       #48 pc 0000000000a8e39c  /data/misc/apexdata/com.android.art/dalvik-cache/arm64/boot.oat (android.os.Looper.loop+780)
08-10 22:23:47.186 19082 19082 F DEBUG   :       #49 pc 000000000072b104  /apex/com.android.art/lib64/libart.so (nterp_helper+116) (BuildId: cecb684d19b4f44ee3cbd66142c315f4)
08-10 22:23:47.186 19082 19082 F DEBUG   :       #50 pc 00000000010962ea  /data/app/~~cfNxXqddFfEQjkbswQUrrw==/host.exp.exponent-tfT13fULf-NxQmg9wJpadg==/oat/arm64/base.vdex (com.facebook.react.bridge.queue.MessageQueueThreadImpl$Companion.startNewBackgroundThread$lambda$0+34)
08-10 22:23:47.186 19082 19082 F DEBUG   :       #51 pc 000000000072b104  /apex/com.android.art/lib64/libart.so (nterp_helper+116) (BuildId: cecb684d19b4f44ee3cbd66142c315f4)
08-10 22:23:47.186 19082 19082 F DEBUG   :       #52 pc 0000000001096286  /data/app/~~cfNxXqddFfEQjkbswQUrrw==/host.exp.exponent-tfT13fULf-NxQmg9wJpadg==/oat/arm64/base.vdex (com.facebook.react.bridge.queue.MessageQueueThreadImpl$Companion.a+6)
08-10 22:23:47.186 19082 19082 F DEBUG   :       #53 pc 000000000072b104  /apex/com.android.art/lib64/libart.so (nterp_helper+116) (BuildId: cecb684d19b4f44ee3cbd66142c315f4)
08-10 22:23:47.186 19082 19082 F DEBUG   :       #54 pc 00000000010960d2  /data/app/~~cfNxXqddFfEQjkbswQUrrw==/host.exp.exponent-tfT13fULf-NxQmg9wJpadg==/oat/arm64/base.vdex (com.facebook.react.bridge.queue.b.run+10)
08-10 22:23:47.186 19082 19082 F DEBUG   :       #55 pc 00000000003b2788  /data/misc/apexdata/com.android.art/dalvik-cache/arm64/boot.oat (java.lang.Thread.run+72)
08-10 22:23:47.186 19082 19082 F DEBUG   :       #56 pc 00000000002aaf94  /apex/com.android.art/lib64/libart.so (art_quick_invoke_stub+612) (BuildId: cecb684d19b4f44ee3cbd66142c315f4)
08-10 22:23:47.186 19082 19082 F DEBUG   :       #57 pc 00000000002a9268  /apex/com.android.art/lib64/libart.so (art::ArtMethod::Invoke(art::Thread*, unsigned int*, unsigned int, art::JValue*, char const*)+148) (BuildId: cecb684d19b4f44ee3cbd66142c315f4)
08-10 22:23:47.186 19082 19082 F DEBUG   :       #58 pc 00000000004e1a68  /apex/com.android.art/lib64/libart.so (art::Thread::CreateCallback(void*)+1384) (BuildId: cecb684d19b4f44ee3cbd66142c315f4)
08-10 22:23:47.186 19082 19082 F DEBUG   :       #59 pc 00000000000a3ce8  /apex/com.android.runtime/lib64/bionic/libc.so (__pthread_start(void*)+196) (BuildId: 1d6558a3b88dbb195284ac1e713c1e3c)
08-10 22:23:47.186 19082 19082 F DEBUG   :       #60 pc 000000000009614c  /apex/com.android.runtime/lib64/bionic/libc.so (__start_thread+68) (BuildId: 1d6558a3b88dbb195284ac1e713c1e3c)
08-10 22:23:57.657 19092 19441 F libc    : Fatal signal 11 (SIGSEGV), code 1 (SEGV_MAPERR), fault addr 0x93020489040003 in tid 19441 (mqt_v_js), pid 19092 (st.exp.exponent)
08-10 22:23:58.014 19470 19470 F DEBUG   : Process name is host.exp.exponent, uid is 10441, not key_process
08-10 22:23:58.014 19470 19470 F DEBUG   : keyProcess: 0
08-10 22:23:58.014 19470 19470 F DEBUG   : *** *** *** *** *** *** *** *** *** *** *** *** *** *** *** ***
08-10 22:23:58.014 19470 19470 F DEBUG   : Build fingerprint: 'OnePlus/CPH2467/OP5958L1:15/UKQ1.230924.001/T.R4T2.23bdcb2-2f14a-1:user/release-keys'
08-10 22:23:58.014 19470 19470 F DEBUG   : Revision: '0'
08-10 22:23:58.014 19470 19470 F DEBUG   : ABI: 'arm64'
08-10 22:23:58.014 19470 19470 F DEBUG   : Timestamp: 2026-08-10 22:23:57.781972688+0530
08-10 22:23:58.014 19470 19470 F DEBUG   : Process uptime: 11s
08-10 22:23:58.014 19470 19470 F DEBUG   : Cmdline: host.exp.exponent
08-10 22:23:58.014 19470 19470 F DEBUG   : pid: 19092, tid: 19441, name: mqt_v_js  >>> host.exp.exponent <<<
08-10 22:23:58.014 19470 19470 F DEBUG   : uid: 10441
08-10 22:23:58.014 19470 19470 F DEBUG   : signal 11 (SIGSEGV), code 1 (SEGV_MAPERR), fault addr 0x0093020489040003
08-10 22:23:58.014 19470 19470 F DEBUG   :     x0  b4000074c7c0d3c0  x1  0193020489040003  x2  0000000000090203  x3  0000000000000000
08-10 22:23:58.014 19470 19470 F DEBUG   :     x4  01930204890d0206  x5  b4000074c7c9d5c3  x6  0000000000000000  x7  0000000000200000
08-10 22:23:58.014 19470 19470 F DEBUG   :     x8  0000000000090211  x9  64683bc6814f2faa  x10 00000074c7c003c0  x11 0000000000000004
08-10 22:23:58.014 19470 19470 F DEBUG   :     x12 000000000000000f  x13 000000000000000d  x14 b26cfe703ebcd3bd  x15 0000000000000001
08-10 22:23:58.014 19470 19470 F DEBUG   :     x16 000000765c907838  x17 00000077daf0dac0  x18 0000007661934000  x19 0000000000090203
08-10 22:23:58.014 19470 19470 F DEBUG   :     x20 b4000074c7c0d3c0  x21 0193020489040003  x22 000000000009020f  x23 0000007661cc9698
08-10 22:23:58.014 19470 19470 F DEBUG   :     x24 0000007661cc9698  x25 0000000000000002  x26 b40000767573d480  x27 b4000076757548f2
08-10 22:23:58.014 19470 19470 F DEBUG   :     x28 000000765c535518  x29 0000007661cc9470
08-10 22:23:58.014 19470 19470 F DEBUG   :     lr  000000765c72511c  sp  0000007661cc9470  pc  00000077daf0dba0  pst 00000000a0001000
08-10 22:23:58.014 19470 19470 F DEBUG   : 61 total frames
08-10 22:23:58.014 19470 19470 F DEBUG   : backtrace:
08-10 22:23:58.014 19470 19470 F DEBUG   :       #00 pc 000000000008cba0  /apex/com.android.runtime/lib64/bionic/libc.so (__memcpy_aarch64_simd+224) (BuildId: 1d6558a3b88dbb195284ac1e713c1e3c)
08-10 22:23:58.014 19470 19470 F DEBUG   :       #01 pc 00000000000f5118  /data/app/~~cfNxXqddFfEQjkbswQUrrw==/host.exp.exponent-tfT13fULf-NxQmg9wJpadg==/base.apk!libhermesvm.so (offset 0x206c000) (BuildId: 995c7ea8e07bff4da3627dfb9d67fc3f1272bf05)
08-10 22:23:58.014 19470 19470 F DEBUG   :       #02 pc 00000000000f58dc  /data/app/~~cfNxXqddFfEQjkbswQUrrw==/host.exp.exponent-tfT13fULf-NxQmg9wJpadg==/base.apk!libhermesvm.so (offset 0x206c000) (BuildId: 995c7ea8e07bff4da3627dfb9d67fc3f1272bf05)
08-10 22:23:58.014 19470 19470 F DEBUG   :       #03 pc 000000000009891c  /data/app/~~cfNxXqddFfEQjkbswQUrrw==/host.exp.exponent-tfT13fULf-NxQmg9wJpadg==/base.apk!libworklets.so (offset 0x3a80000) (BuildId: 86b6ad38e383ea8e699cfdb1feeedb5559bc5249)
08-10 22:23:58.014 19470 19470 F DEBUG   :       #04 pc 00000000000f81a0  /data/app/~~cfNxXqddFfEQjkbswQUrrw==/host.exp.exponent-tfT13fULf-NxQmg9wJpadg==/base.apk!libhermesvm.so (offset 0x206c000) (BuildId: 995c7ea8e07bff4da3627dfb9d67fc3f1272bf05)
08-10 22:23:58.014 19470 19470 F DEBUG   :       #05 pc 00000000000f7edc  /data/app/~~cfNxXqddFfEQjkbswQUrrw==/host.exp.exponent-tfT13fULf-NxQmg9wJpadg==/base.apk!libhermesvm.so (offset 0x206c000) (BuildId: 995c7ea8e07bff4da3627dfb9d67fc3f1272bf05)
08-10 22:23:58.014 19470 19470 F DEBUG   :       #06 pc 00000000001f1d0c  /data/app/~~cfNxXqddFfEQjkbswQUrrw==/host.exp.exponent-tfT13fULf-NxQmg9wJpadg==/base.apk!libhermesvm.so (offset 0x206c000) (BuildId: 995c7ea8e07bff4da3627dfb9d67fc3f1272bf05)
08-10 22:23:58.014 19470 19470 F DEBUG   :       #07 pc 0000000000206734  /data/app/~~cfNxXqddFfEQjkbswQUrrw==/host.exp.exponent-tfT13fULf-NxQmg9wJpadg==/base.apk!libhermesvm.so (offset 0x206c000) (BuildId: 995c7ea8e07bff4da3627dfb9d67fc3f1272bf05)
08-10 22:23:58.014 19470 19470 F DEBUG   :       #08 pc 0000000000206ebc  /data/app/~~cfNxXqddFfEQjkbswQUrrw==/host.exp.exponent-tfT13fULf-NxQmg9wJpadg==/base.apk!libhermesvm.so (offset 0x206c000) (BuildId: 995c7ea8e07bff4da3627dfb9d67fc3f1272bf05)
08-10 22:23:58.014 19470 19470 F DEBUG   :       #09 pc 0000000000206810  /data/app/~~cfNxXqddFfEQjkbswQUrrw==/host.exp.exponent-tfT13fULf-NxQmg9wJpadg==/base.apk!libhermesvm.so (offset 0x206c000) (BuildId: 995c7ea8e07bff4da3627dfb9d67fc3f1272bf05)
08-10 22:23:58.014 19470 19470 F DEBUG   :       #10 pc 00000000001f1f2c  /data/app/~~cfNxXqddFfEQjkbswQUrrw==/host.exp.exponent-tfT13fULf-NxQmg9wJpadg==/base.apk!libhermesvm.so (offset 0x206c000) (BuildId: 995c7ea8e07bff4da3627dfb9d67fc3f1272bf05)
08-10 22:23:58.014 19470 19470 F DEBUG   :       #11 pc 00000000001f0084  /data/app/~~cfNxXqddFfEQjkbswQUrrw==/host.exp.exponent-tfT13fULf-NxQmg9wJpadg==/base.apk!libhermesvm.so (offset 0x206c000) (BuildId: 995c7ea8e07bff4da3627dfb9d67fc3f1272bf05)
08-10 22:23:58.014 19470 19470 F DEBUG   :       #12 pc 0000000000220bc4  /data/app/~~cfNxXqddFfEQjkbswQUrrw==/host.exp.exponent-tfT13fULf-NxQmg9wJpadg==/base.apk!libhermesvm.so (offset 0x206c000) (BuildId: 995c7ea8e07bff4da3627dfb9d67fc3f1272bf05)
08-10 22:23:58.014 19470 19470 F DEBUG   :       #13 pc 00000000002144dc  /data/app/~~cfNxXqddFfEQjkbswQUrrw==/host.exp.exponent-tfT13fULf-NxQmg9wJpadg==/base.apk!libhermesvm.so (offset 0x206c000) (BuildId: 995c7ea8e07bff4da3627dfb9d67fc3f1272bf05)
08-10 22:23:58.014 19470 19470 F DEBUG   :       #14 pc 0000000000208fcc  /data/app/~~cfNxXqddFfEQjkbswQUrrw==/host.exp.exponent-tfT13fULf-NxQmg9wJpadg==/base.apk!libhermesvm.so (offset 0x206c000) (BuildId: 995c7ea8e07bff4da3627dfb9d67fc3f1272bf05)
08-10 22:23:58.014 19470 19470 F DEBUG   :       #15 pc 0000000000206810  /data/app/~~cfNxXqddFfEQjkbswQUrrw==/host.exp.exponent-tfT13fULf-NxQmg9wJpadg==/base.apk!libhermesvm.so (offset 0x206c000) (BuildId: 995c7ea8e07bff4da3627dfb9d67fc3f1272bf05)
08-10 22:23:58.014 19470 19470 F DEBUG   :       #16 pc 00000000001f1f2c  /data/app/~~cfNxXqddFfEQjkbswQUrrw==/host.exp.exponent-tfT13fULf-NxQmg9wJpadg==/base.apk!libhermesvm.so (offset 0x206c000) (BuildId: 995c7ea8e07bff4da3627dfb9d67fc3f1272bf05)
08-10 22:23:58.014 19470 19470 F DEBUG   :       #17 pc 00000000001f168c  /data/app/~~cfNxXqddFfEQjkbswQUrrw==/host.exp.exponent-tfT13fULf-NxQmg9wJpadg==/base.apk!libhermesvm.so (offset 0x206c000) (BuildId: 995c7ea8e07bff4da3627dfb9d67fc3f1272bf05)
08-10 22:23:58.014 19470 19470 F DEBUG   :       #18 pc 0000000000206748  /data/app/~~cfNxXqddFfEQjkbswQUrrw==/host.exp.exponent-tfT13fULf-NxQmg9wJpadg==/base.apk!libhermesvm.so (offset 0x206c000) (BuildId: 995c7ea8e07bff4da3627dfb9d67fc3f1272bf05)
08-10 22:23:58.014 19470 19470 F DEBUG   :       #19 pc 0000000000206ebc  /data/app/~~cfNxXqddFfEQjkbswQUrrw==/host.exp.exponent-tfT13fULf-NxQmg9wJpadg==/base.apk!libhermesvm.so (offset 0x206c000) (BuildId: 995c7ea8e07bff4da3627dfb9d67fc3f1272bf05)
08-10 22:23:58.014 19470 19470 F DEBUG   :       #20 pc 0000000000206810  /data/app/~~cfNxXqddFfEQjkbswQUrrw==/host.exp.exponent-tfT13fULf-NxQmg9wJpadg==/base.apk!libhermesvm.so (offset 0x206c000) (BuildId: 995c7ea8e07bff4da3627dfb9d67fc3f1272bf05)
08-10 22:23:58.014 19470 19470 F DEBUG   :       #21 pc 00000000001f1f2c  /data/app/~~cfNxXqddFfEQjkbswQUrrw==/host.exp.exponent-tfT13fULf-NxQmg9wJpadg==/base.apk!libhermesvm.so (offset 0x206c000) (BuildId: 995c7ea8e07bff4da3627dfb9d67fc3f1272bf05)
08-10 22:23:58.014 19470 19470 F DEBUG   :       #22 pc 00000000001f168c  /data/app/~~cfNxXqddFfEQjkbswQUrrw==/host.exp.exponent-tfT13fULf-NxQmg9wJpadg==/base.apk!libhermesvm.so (offset 0x206c000) (BuildId: 995c7ea8e07bff4da3627dfb9d67fc3f1272bf05)
08-10 22:23:58.014 19470 19470 F DEBUG   :       #23 pc 00000000000efb08  /data/app/~~cfNxXqddFfEQjkbswQUrrw==/host.exp.exponent-tfT13fULf-NxQmg9wJpadg==/base.apk!libhermesvm.so (offset 0x206c000) (BuildId: 995c7ea8e07bff4da3627dfb9d67fc3f1272bf05)
08-10 22:23:58.014 19470 19470 F DEBUG   :       #24 pc 000000000037ff7c  /data/app/~~cfNxXqddFfEQjkbswQUrrw==/host.exp.exponent-tfT13fULf-NxQmg9wJpadg==/base.apk!libreactnative.so (offset 0x26f8000) (BuildId: 0ddb33254da2ff342e6c5e0a11334eae2254fc2e)
08-10 22:23:58.014 19470 19470 F DEBUG   :       #25 pc 00000000000f81a0  /data/app/~~cfNxXqddFfEQjkbswQUrrw==/host.exp.exponent-tfT13fULf-NxQmg9wJpadg==/base.apk!libhermesvm.so (offset 0x206c000) (BuildId: 995c7ea8e07bff4da3627dfb9d67fc3f1272bf05)
08-10 22:23:58.014 19470 19470 F DEBUG   :       #26 pc 00000000000f7edc  /data/app/~~cfNxXqddFfEQjkbswQUrrw==/host.exp.exponent-tfT13fULf-NxQmg9wJpadg==/base.apk!libhermesvm.so (offset 0x206c000) (BuildId: 995c7ea8e07bff4da3627dfb9d67fc3f1272bf05)
08-10 22:23:58.014 19470 19470 F DEBUG   :       #27 pc 00000000001f1d0c  /data/app/~~cfNxXqddFfEQjkbswQUrrw==/host.exp.exponent-tfT13fULf-NxQmg9wJpadg==/base.apk!libhermesvm.so (offset 0x206c000) (BuildId: 995c7ea8e07bff4da3627dfb9d67fc3f1272bf05)
08-10 22:23:58.014 19470 19470 F DEBUG   :       #28 pc 0000000000206734  /data/app/~~cfNxXqddFfEQjkbswQUrrw==/host.exp.exponent-tfT13fULf-NxQmg9wJpadg==/base.apk!libhermesvm.so (offset 0x206c000) (BuildId: 995c7ea8e07bff4da3627dfb9d67fc3f1272bf05)
08-10 22:23:58.014 19470 19470 F DEBUG   :       #29 pc 0000000000206ebc  /data/app/~~cfNxXqddFfEQjkbswQUrrw==/host.exp.exponent-tfT13fULf-NxQmg9wJpadg==/base.apk!libhermesvm.so (offset 0x206c000) (BuildId: 995c7ea8e07bff4da3627dfb9d67fc3f1272bf05)
08-10 22:23:58.014 19470 19470 F DEBUG   :       #30 pc 0000000000206810  /data/app/~~cfNxXqddFfEQjkbswQUrrw==/host.exp.exponent-tfT13fULf-NxQmg9wJpadg==/base.apk!libhermesvm.so (offset 0x206c000) (BuildId: 995c7ea8e07bff4da3627dfb9d67fc3f1272bf05)
08-10 22:23:58.014 19470 19470 F DEBUG   :       #31 pc 00000000001f1f2c  /data/app/~~cfNxXqddFfEQjkbswQUrrw==/host.exp.exponent-tfT13fULf-NxQmg9wJpadg==/base.apk!libhermesvm.so (offset 0x206c000) (BuildId: 995c7ea8e07bff4da3627dfb9d67fc3f1272bf05)
08-10 22:23:58.014 19470 19470 F DEBUG   :       #32 pc 00000000001f168c  /data/app/~~cfNxXqddFfEQjkbswQUrrw==/host.exp.exponent-tfT13fULf-NxQmg9wJpadg==/base.apk!libhermesvm.so (offset 0x206c000) (BuildId: 995c7ea8e07bff4da3627dfb9d67fc3f1272bf05)
08-10 22:23:58.014 19470 19470 F DEBUG   :       #33 pc 00000000000efb08  /data/app/~~cfNxXqddFfEQjkbswQUrrw==/host.exp.exponent-tfT13fULf-NxQmg9wJpadg==/base.apk!libhermesvm.so (offset 0x206c000) (BuildId: 995c7ea8e07bff4da3627dfb9d67fc3f1272bf05)
08-10 22:23:58.014 19470 19470 F DEBUG   :       #34 pc 000000000050fdac  /data/app/~~cfNxXqddFfEQjkbswQUrrw==/host.exp.exponent-tfT13fULf-NxQmg9wJpadg==/base.apk!libreactnative.so (offset 0x26f8000) (facebook::react::Task::execute(facebook::jsi::Runtime&, bool)+240) (BuildId: 0ddb33254da2ff342e6c5e0a11334eae2254fc2e)
08-10 22:23:58.014 19470 19470 F DEBUG   :       #35 pc 000000000050df84  /data/app/~~cfNxXqddFfEQjkbswQUrrw==/host.exp.exponent-tfT13fULf-NxQmg9wJpadg==/base.apk!libreactnative.so (offset 0x26f8000) (facebook::react::RuntimeScheduler_Modern::executeTask(facebook::jsi::Runtime&, facebook::react::Task&, bool) const+60) (BuildId: 0ddb33254da2ff342e6c5e0a11334eae2254fc2e)
08-10 22:23:58.014 19470 19470 F DEBUG   :       #36 pc 000000000050e894  /data/app/~~cfNxXqddFfEQjkbswQUrrw==/host.exp.exponent-tfT13fULf-NxQmg9wJpadg==/base.apk!libreactnative.so (offset 0x26f8000) (facebook::react::RuntimeScheduler_Modern::runEventLoopTick(facebook::jsi::Runtime&, facebook::react::Task&)+124) (BuildId: 0ddb33254da2ff342e6c5e0a11334eae2254fc2e)
08-10 22:23:58.014 19470 19470 F DEBUG   :       #37 pc 000000000050e5a4  /data/app/~~cfNxXqddFfEQjkbswQUrrw==/host.exp.exponent-tfT13fULf-NxQmg9wJpadg==/base.apk!libreactnative.so (offset 0x26f8000) (facebook::react::RuntimeScheduler_Modern::runEventLoop(facebook::jsi::Runtime&)+88) (BuildId: 0ddb33254da2ff342e6c5e0a11334eae2254fc2e)
08-10 22:23:58.014 19470 19470 F DEBUG   :       #38 pc 00000000002d4020  /data/app/~~cfNxXqddFfEQjkbswQUrrw==/host.exp.exponent-tfT13fULf-NxQmg9wJpadg==/base.apk!libreactnative.so (offset 0x26f8000) (BuildId: 0ddb33254da2ff342e6c5e0a11334eae2254fc2e)
08-10 22:23:58.014 19470 19470 F DEBUG   :       #39 pc 00000000005552f4  /data/app/~~cfNxXqddFfEQjkbswQUrrw==/host.exp.exponent-tfT13fULf-NxQmg9wJpadg==/base.apk!libreactnative.so (offset 0x26f8000) (BuildId: 0ddb33254da2ff342e6c5e0a11334eae2254fc2e)
08-10 22:23:58.014 19470 19470 F DEBUG   :       #40 pc 0000000000017dd0  /data/app/~~cfNxXqddFfEQjkbswQUrrw==/host.exp.exponent-tfT13fULf-NxQmg9wJpadg==/base.apk!libfbjni.so (offset 0x1fc0000) (facebook::jni::detail::MethodWrapper<void (facebook::jni::JNativeRunnable::*)(), &facebook::jni::JNativeRunnable::run(), facebook::jni::JNativeRunnable, void>::dispatch(facebook::jni::alias_ref<facebook::jni::detail::JTypeFor<facebook::jni::HybridClass<facebook::jni::JNativeRunnable, facebook::jni::JRunnable>::JavaPart, facebook::jni::JRunnable, void>::_javaobject*>)+72) (BuildId: e438f6554af1d86b210a05412e96c4251e570157)
08-10 22:23:58.014 19470 19470 F DEBUG   :       #41 pc 0000000000017d10  /data/app/~~cfNxXqddFfEQjkbswQUrrw==/host.exp.exponent-tfT13fULf-NxQmg9wJpadg==/base.apk!libfbjni.so (offset 0x1fc0000) (facebook::jni::detail::FunctionWrapper<void (*)(facebook::jni::alias_ref<facebook::jni::detail::JTypeFor<facebook::jni::HybridClass<facebook::jni::JNativeRunnable, facebook::jni::JRunnable>::JavaPart, facebook::jni::JRunnable, void>::_javaobject*>), facebook::jni::detail::JTypeFor<facebook::jni::HybridClass<facebook::jni::JNativeRunnable, facebook::jni::JRunnable>::JavaPart, facebook::jni::JRunnable, void>::_javaobject*, void>::call(_JNIEnv*, _jobject*, void (*)(facebook::jni::alias_ref<facebook::jni::detail::JTypeFor<facebook::jni::HybridClass<facebook::jni::JNativeRunnable, facebook::jni::JRunnable>::JavaPart, facebook::jni::JRunnable, void>::_javaobject*>))+60) (BuildId: e438f6554af1d86b210a05412e96c4251e570157)
08-10 22:23:58.014 19470 19470 F DEBUG   :       #42 pc 00000000010bda10  /data/misc/apexdata/com.android.art/dalvik-cache/arm64/boot.oat (art_jni_trampoline+112)
08-10 22:23:58.014 19470 19470 F DEBUG   :       #43 pc 0000000000a87aec  /data/misc/apexdata/com.android.art/dalvik-cache/arm64/boot.oat (android.os.Handler.handleCallback+716)
08-10 22:23:58.014 19470 19470 F DEBUG   :       #44 pc 0000000000a87b60  /data/misc/apexdata/com.android.art/dalvik-cache/arm64/boot.oat (android.os.Handler.dispatchMessage+64)
08-10 22:23:58.014 19470 19470 F DEBUG   :       #45 pc 000000000072b8dc  /apex/com.android.art/lib64/libart.so (nterp_helper+2124) (BuildId: cecb684d19b4f44ee3cbd66142c315f4)
08-10 22:23:58.014 19470 19470 F DEBUG   :       #46 pc 000000000109603c  /data/app/~~cfNxXqddFfEQjkbswQUrrw==/host.exp.exponent-tfT13fULf-NxQmg9wJpadg==/oat/arm64/base.vdex (com.facebook.react.bridge.queue.MessageQueueThreadHandler.dispatchMessage+16)
08-10 22:23:58.014 19470 19470 F DEBUG   :       #47 pc 0000000000a8e950  /data/misc/apexdata/com.android.art/dalvik-cache/arm64/boot.oat (android.os.Looper.loopOnce+1296)
08-10 22:23:58.014 19470 19470 F DEBUG   :       #48 pc 0000000000a8e39c  /data/misc/apexdata/com.android.art/dalvik-cache/arm64/boot.oat (android.os.Looper.loop+780)
08-10 22:23:58.014 19470 19470 F DEBUG   :       #49 pc 000000000072b104  /apex/com.android.art/lib64/libart.so (nterp_helper+116) (BuildId: cecb684d19b4f44ee3cbd66142c315f4)
08-10 22:23:58.014 19470 19470 F DEBUG   :       #50 pc 00000000010962ea  /data/app/~~cfNxXqddFfEQjkbswQUrrw==/host.exp.exponent-tfT13fULf-NxQmg9wJpadg==/oat/arm64/base.vdex (com.facebook.react.bridge.queue.MessageQueueThreadImpl$Companion.startNewBackgroundThread$lambda$0+34)
08-10 22:23:58.014 19470 19470 F DEBUG   :       #51 pc 000000000072b104  /apex/com.android.art/lib64/libart.so (nterp_helper+116) (BuildId: cecb684d19b4f44ee3cbd66142c315f4)
08-10 22:23:58.014 19470 19470 F DEBUG   :       #52 pc 0000000001096286  /data/app/~~cfNxXqddFfEQjkbswQUrrw==/host.exp.exponent-tfT13fULf-NxQmg9wJpadg==/oat/arm64/base.vdex (com.facebook.react.bridge.queue.MessageQueueThreadImpl$Companion.a+6)
08-10 22:23:58.014 19470 19470 F DEBUG   :       #53 pc 000000000072b104  /apex/com.android.art/lib64/libart.so (nterp_helper+116) (BuildId: cecb684d19b4f44ee3cbd66142c315f4)
08-10 22:23:58.014 19470 19470 F DEBUG   :       #54 pc 00000000010960d2  /data/app/~~cfNxXqddFfEQjkbswQUrrw==/host.exp.exponent-tfT13fULf-NxQmg9wJpadg==/oat/arm64/base.vdex (com.facebook.react.bridge.queue.b.run+10)
08-10 22:23:58.014 19470 19470 F DEBUG   :       #55 pc 00000000003b2788  /data/misc/apexdata/com.android.art/dalvik-cache/arm64/boot.oat (java.lang.Thread.run+72)
08-10 22:23:58.014 19470 19470 F DEBUG   :       #56 pc 00000000002aaf94  /apex/com.android.art/lib64/libart.so (art_quick_invoke_stub+612) (BuildId: cecb684d19b4f44ee3cbd66142c315f4)
08-10 22:23:58.014 19470 19470 F DEBUG   :       #57 pc 00000000002a9268  /apex/com.android.art/lib64/libart.so (art::ArtMethod::Invoke(art::Thread*, unsigned int*, unsigned int, art::JValue*, char const*)+148) (BuildId: cecb684d19b4f44ee3cbd66142c315f4)
08-10 22:23:58.014 19470 19470 F DEBUG   :       #58 pc 00000000004e1a68  /apex/com.android.art/lib64/libart.so (art::Thread::CreateCallback(void*)+1384) (BuildId: cecb684d19b4f44ee3cbd66142c315f4)
08-10 22:23:58.014 19470 19470 F DEBUG   :       #59 pc 00000000000a3ce8  /apex/com.android.runtime/lib64/bionic/libc.so (__pthread_start(void*)+196) (BuildId: 1d6558a3b88dbb195284ac1e713c1e3c)
08-10 22:23:58.014 19470 19470 F DEBUG   :       #60 pc 000000000009614c  /apex/com.android.runtime/lib64/bionic/libc.so (__start_thread+68) (BuildId: 1d6558a3b88dbb195284ac1e713c1e3c)
08-10 22:24:11.332 19482 19855 F libc    : Fatal signal 11 (SIGSEGV), code 1 (SEGV_MAPERR), fault addr 0x93020489040003 in tid 19855 (mqt_v_js), pid 19482 (st.exp.exponent)
08-10 22:24:11.672 19885 19885 F DEBUG   : Process name is host.exp.exponent, uid is 10441, not key_process
08-10 22:24:11.673 19885 19885 F DEBUG   : keyProcess: 0
08-10 22:24:11.673 19885 19885 F DEBUG   : *** *** *** *** *** *** *** *** *** *** *** *** *** *** *** ***
08-10 22:24:11.673 19885 19885 F DEBUG   : Build fingerprint: 'OnePlus/CPH2467/OP5958L1:15/UKQ1.230924.001/T.R4T2.23bdcb2-2f14a-1:user/release-keys'
08-10 22:24:11.673 19885 19885 F DEBUG   : Revision: '0'
08-10 22:24:11.673 19885 19885 F DEBUG   : ABI: 'arm64'
08-10 22:24:11.673 19885 19885 F DEBUG   : Timestamp: 2026-08-10 22:24:11.464281641+0530
08-10 22:24:11.673 19885 19885 F DEBUG   : Process uptime: 14s
08-10 22:24:11.673 19885 19885 F DEBUG   : Cmdline: host.exp.exponent
08-10 22:24:11.673 19885 19885 F DEBUG   : pid: 19482, tid: 19855, name: mqt_v_js  >>> host.exp.exponent <<<
08-10 22:24:11.673 19885 19885 F DEBUG   : uid: 10441
08-10 22:24:11.673 19885 19885 F DEBUG   : signal 11 (SIGSEGV), code 1 (SEGV_MAPERR), fault addr 0x0093020489040003
08-10 22:24:11.673 19885 19885 F DEBUG   :     x0  b4000074ccc88500  x1  0193020489040003  x2  0000000000090203  x3  0000000000000000
08-10 22:24:11.673 19885 19885 F DEBUG   :     x4  01930204890d0206  x5  b4000074ccd18703  x6  000000000000007e  x7  000000000000000e
08-10 22:24:11.673 19885 19885 F DEBUG   :     x8  0000000000090211  x9  99038874b466738c  x10 00000074ccc00500  x11 0000000000000002
08-10 22:24:11.673 19885 19885 F DEBUG   :     x12 0000000000000014  x13 000000000000000d  x14 b26cfe7043c484fd  x15 00000074ccc03e30
08-10 22:24:11.673 19885 19885 F DEBUG   :     x16 0000007664b38838  x17 00000077daf0dac0  x18 00000076cccd0000  x19 0000000000090203
08-10 22:24:11.673 19885 19885 F DEBUG   :     x20 b4000074ccc88500  x21 0193020489040003  x22 000000000009020f  x23 000000772f410698
08-10 22:24:11.673 19885 19885 F DEBUG   :     x24 000000772f410698  x25 0000000000000002  x26 b40000758fe33ab0  x27 b40000758fc355f2
08-10 22:24:11.673 19885 19885 F DEBUG   :     x28 00000075a1f04518  x29 000000772f410470
08-10 22:24:11.673 19885 19885 F DEBUG   :     lr  000000766495611c  sp  000000772f410470  pc  00000077daf0dba0  pst 00000000a0001000
08-10 22:24:11.673 19885 19885 F DEBUG   : 61 total frames
08-10 22:24:11.673 19885 19885 F DEBUG   : backtrace:
08-10 22:24:11.673 19885 19885 F DEBUG   :       #00 pc 000000000008cba0  /apex/com.android.runtime/lib64/bionic/libc.so (__memcpy_aarch64_simd+224) (BuildId: 1d6558a3b88dbb195284ac1e713c1e3c)
08-10 22:24:11.673 19885 19885 F DEBUG   :       #01 pc 00000000000f5118  /data/app/~~cfNxXqddFfEQjkbswQUrrw==/host.exp.exponent-tfT13fULf-NxQmg9wJpadg==/base.apk!libhermesvm.so (offset 0x206c000) (BuildId: 995c7ea8e07bff4da3627dfb9d67fc3f1272bf05)
08-10 22:24:11.673 19885 19885 F DEBUG   :       #02 pc 00000000000f58dc  /data/app/~~cfNxXqddFfEQjkbswQUrrw==/host.exp.exponent-tfT13fULf-NxQmg9wJpadg==/base.apk!libhermesvm.so (offset 0x206c000) (BuildId: 995c7ea8e07bff4da3627dfb9d67fc3f1272bf05)
08-10 22:24:11.673 19885 19885 F DEBUG   :       #03 pc 000000000009891c  /data/app/~~cfNxXqddFfEQjkbswQUrrw==/host.exp.exponent-tfT13fULf-NxQmg9wJpadg==/base.apk!libworklets.so (offset 0x3a80000) (BuildId: 86b6ad38e383ea8e699cfdb1feeedb5559bc5249)
08-10 22:24:11.673 19885 19885 F DEBUG   :       #04 pc 00000000000f81a0  /data/app/~~cfNxXqddFfEQjkbswQUrrw==/host.exp.exponent-tfT13fULf-NxQmg9wJpadg==/base.apk!libhermesvm.so (offset 0x206c000) (BuildId: 995c7ea8e07bff4da3627dfb9d67fc3f1272bf05)
08-10 22:24:11.673 19885 19885 F DEBUG   :       #05 pc 00000000000f7edc  /data/app/~~cfNxXqddFfEQjkbswQUrrw==/host.exp.exponent-tfT13fULf-NxQmg9wJpadg==/base.apk!libhermesvm.so (offset 0x206c000) (BuildId: 995c7ea8e07bff4da3627dfb9d67fc3f1272bf05)
08-10 22:24:11.673 19885 19885 F DEBUG   :       #06 pc 00000000001f1d0c  /data/app/~~cfNxXqddFfEQjkbswQUrrw==/host.exp.exponent-tfT13fULf-NxQmg9wJpadg==/base.apk!libhermesvm.so (offset 0x206c000) (BuildId: 995c7ea8e07bff4da3627dfb9d67fc3f1272bf05)
08-10 22:24:11.673 19885 19885 F DEBUG   :       #07 pc 0000000000206734  /data/app/~~cfNxXqddFfEQjkbswQUrrw==/host.exp.exponent-tfT13fULf-NxQmg9wJpadg==/base.apk!libhermesvm.so (offset 0x206c000) (BuildId: 995c7ea8e07bff4da3627dfb9d67fc3f1272bf05)
08-10 22:24:11.673 19885 19885 F DEBUG   :       #08 pc 0000000000206ebc  /data/app/~~cfNxXqddFfEQjkbswQUrrw==/host.exp.exponent-tfT13fULf-NxQmg9wJpadg==/base.apk!libhermesvm.so (offset 0x206c000) (BuildId: 995c7ea8e07bff4da3627dfb9d67fc3f1272bf05)
08-10 22:24:11.673 19885 19885 F DEBUG   :       #09 pc 0000000000206810  /data/app/~~cfNxXqddFfEQjkbswQUrrw==/host.exp.exponent-tfT13fULf-NxQmg9wJpadg==/base.apk!libhermesvm.so (offset 0x206c000) (BuildId: 995c7ea8e07bff4da3627dfb9d67fc3f1272bf05)
08-10 22:24:11.673 19885 19885 F DEBUG   :       #10 pc 00000000001f1f2c  /data/app/~~cfNxXqddFfEQjkbswQUrrw==/host.exp.exponent-tfT13fULf-NxQmg9wJpadg==/base.apk!libhermesvm.so (offset 0x206c000) (BuildId: 995c7ea8e07bff4da3627dfb9d67fc3f1272bf05)
08-10 22:24:11.673 19885 19885 F DEBUG   :       #11 pc 00000000001f0084  /data/app/~~cfNxXqddFfEQjkbswQUrrw==/host.exp.exponent-tfT13fULf-NxQmg9wJpadg==/base.apk!libhermesvm.so (offset 0x206c000) (BuildId: 995c7ea8e07bff4da3627dfb9d67fc3f1272bf05)
08-10 22:24:11.673 19885 19885 F DEBUG   :       #12 pc 0000000000220bc4  /data/app/~~cfNxXqddFfEQjkbswQUrrw==/host.exp.exponent-tfT13fULf-NxQmg9wJpadg==/base.apk!libhermesvm.so (offset 0x206c000) (BuildId: 995c7ea8e07bff4da3627dfb9d67fc3f1272bf05)
08-10 22:24:11.673 19885 19885 F DEBUG   :       #13 pc 00000000002144dc  /data/app/~~cfNxXqddFfEQjkbswQUrrw==/host.exp.exponent-tfT13fULf-NxQmg9wJpadg==/base.apk!libhermesvm.so (offset 0x206c000) (BuildId: 995c7ea8e07bff4da3627dfb9d67fc3f1272bf05)
08-10 22:24:11.673 19885 19885 F DEBUG   :       #14 pc 0000000000208fcc  /data/app/~~cfNxXqddFfEQjkbswQUrrw==/host.exp.exponent-tfT13fULf-NxQmg9wJpadg==/base.apk!libhermesvm.so (offset 0x206c000) (BuildId: 995c7ea8e07bff4da3627dfb9d67fc3f1272bf05)
08-10 22:24:11.673 19885 19885 F DEBUG   :       #15 pc 0000000000206810  /data/app/~~cfNxXqddFfEQjkbswQUrrw==/host.exp.exponent-tfT13fULf-NxQmg9wJpadg==/base.apk!libhermesvm.so (offset 0x206c000) (BuildId: 995c7ea8e07bff4da3627dfb9d67fc3f1272bf05)
08-10 22:24:11.673 19885 19885 F DEBUG   :       #16 pc 00000000001f1f2c  /data/app/~~cfNxXqddFfEQjkbswQUrrw==/host.exp.exponent-tfT13fULf-NxQmg9wJpadg==/base.apk!libhermesvm.so (offset 0x206c000) (BuildId: 995c7ea8e07bff4da3627dfb9d67fc3f1272bf05)
08-10 22:24:11.673 19885 19885 F DEBUG   :       #17 pc 00000000001f168c  /data/app/~~cfNxXqddFfEQjkbswQUrrw==/host.exp.exponent-tfT13fULf-NxQmg9wJpadg==/base.apk!libhermesvm.so (offset 0x206c000) (BuildId: 995c7ea8e07bff4da3627dfb9d67fc3f1272bf05)
08-10 22:24:11.673 19885 19885 F DEBUG   :       #18 pc 0000000000206748  /data/app/~~cfNxXqddFfEQjkbswQUrrw==/host.exp.exponent-tfT13fULf-NxQmg9wJpadg==/base.apk!libhermesvm.so (offset 0x206c000) (BuildId: 995c7ea8e07bff4da3627dfb9d67fc3f1272bf05)
08-10 22:24:11.673 19885 19885 F DEBUG   :       #19 pc 0000000000206ebc  /data/app/~~cfNxXqddFfEQjkbswQUrrw==/host.exp.exponent-tfT13fULf-NxQmg9wJpadg==/base.apk!libhermesvm.so (offset 0x206c000) (BuildId: 995c7ea8e07bff4da3627dfb9d67fc3f1272bf05)
08-10 22:24:11.673 19885 19885 F DEBUG   :       #20 pc 0000000000206810  /data/app/~~cfNxXqddFfEQjkbswQUrrw==/host.exp.exponent-tfT13fULf-NxQmg9wJpadg==/base.apk!libhermesvm.so (offset 0x206c000) (BuildId: 995c7ea8e07bff4da3627dfb9d67fc3f1272bf05)
08-10 22:24:11.673 19885 19885 F DEBUG   :       #21 pc 00000000001f1f2c  /data/app/~~cfNxXqddFfEQjkbswQUrrw==/host.exp.exponent-tfT13fULf-NxQmg9wJpadg==/base.apk!libhermesvm.so (offset 0x206c000) (BuildId: 995c7ea8e07bff4da3627dfb9d67fc3f1272bf05)
08-10 22:24:11.673 19885 19885 F DEBUG   :       #22 pc 00000000001f168c  /data/app/~~cfNxXqddFfEQjkbswQUrrw==/host.exp.exponent-tfT13fULf-NxQmg9wJpadg==/base.apk!libhermesvm.so (offset 0x206c000) (BuildId: 995c7ea8e07bff4da3627dfb9d67fc3f1272bf05)
08-10 22:24:11.673 19885 19885 F DEBUG   :       #23 pc 00000000000efb08  /data/app/~~cfNxXqddFfEQjkbswQUrrw==/host.exp.exponent-tfT13fULf-NxQmg9wJpadg==/base.apk!libhermesvm.so (offset 0x206c000) (BuildId: 995c7ea8e07bff4da3627dfb9d67fc3f1272bf05)
08-10 22:24:11.673 19885 19885 F DEBUG   :       #24 pc 000000000037ff7c  /data/app/~~cfNxXqddFfEQjkbswQUrrw==/host.exp.exponent-tfT13fULf-NxQmg9wJpadg==/base.apk!libreactnative.so (offset 0x26f8000) (BuildId: 0ddb33254da2ff342e6c5e0a11334eae2254fc2e)
08-10 22:24:11.673 19885 19885 F DEBUG   :       #25 pc 00000000000f81a0  /data/app/~~cfNxXqddFfEQjkbswQUrrw==/host.exp.exponent-tfT13fULf-NxQmg9wJpadg==/base.apk!libhermesvm.so (offset 0x206c000) (BuildId: 995c7ea8e07bff4da3627dfb9d67fc3f1272bf05)
08-10 22:24:11.673 19885 19885 F DEBUG   :       #26 pc 00000000000f7edc  /data/app/~~cfNxXqddFfEQjkbswQUrrw==/host.exp.exponent-tfT13fULf-NxQmg9wJpadg==/base.apk!libhermesvm.so (offset 0x206c000) (BuildId: 995c7ea8e07bff4da3627dfb9d67fc3f1272bf05)
08-10 22:24:11.673 19885 19885 F DEBUG   :       #27 pc 00000000001f1d0c  /data/app/~~cfNxXqddFfEQjkbswQUrrw==/host.exp.exponent-tfT13fULf-NxQmg9wJpadg==/base.apk!libhermesvm.so (offset 0x206c000) (BuildId: 995c7ea8e07bff4da3627dfb9d67fc3f1272bf05)
08-10 22:24:11.673 19885 19885 F DEBUG   :       #28 pc 0000000000206734  /data/app/~~cfNxXqddFfEQjkbswQUrrw==/host.exp.exponent-tfT13fULf-NxQmg9wJpadg==/base.apk!libhermesvm.so (offset 0x206c000) (BuildId: 995c7ea8e07bff4da3627dfb9d67fc3f1272bf05)
08-10 22:24:11.673 19885 19885 F DEBUG   :       #29 pc 0000000000206ebc  /data/app/~~cfNxXqddFfEQjkbswQUrrw==/host.exp.exponent-tfT13fULf-NxQmg9wJpadg==/base.apk!libhermesvm.so (offset 0x206c000) (BuildId: 995c7ea8e07bff4da3627dfb9d67fc3f1272bf05)
08-10 22:24:11.673 19885 19885 F DEBUG   :       #30 pc 0000000000206810  /data/app/~~cfNxXqddFfEQjkbswQUrrw==/host.exp.exponent-tfT13fULf-NxQmg9wJpadg==/base.apk!libhermesvm.so (offset 0x206c000) (BuildId: 995c7ea8e07bff4da3627dfb9d67fc3f1272bf05)
08-10 22:24:11.673 19885 19885 F DEBUG   :       #31 pc 00000000001f1f2c  /data/app/~~cfNxXqddFfEQjkbswQUrrw==/host.exp.exponent-tfT13fULf-NxQmg9wJpadg==/base.apk!libhermesvm.so (offset 0x206c000) (BuildId: 995c7ea8e07bff4da3627dfb9d67fc3f1272bf05)
08-10 22:24:11.673 19885 19885 F DEBUG   :       #32 pc 00000000001f168c  /data/app/~~cfNxXqddFfEQjkbswQUrrw==/host.exp.exponent-tfT13fULf-NxQmg9wJpadg==/base.apk!libhermesvm.so (offset 0x206c000) (BuildId: 995c7ea8e07bff4da3627dfb9d67fc3f1272bf05)
08-10 22:24:11.673 19885 19885 F DEBUG   :       #33 pc 00000000000efb08  /data/app/~~cfNxXqddFfEQjkbswQUrrw==/host.exp.exponent-tfT13fULf-NxQmg9wJpadg==/base.apk!libhermesvm.so (offset 0x206c000) (BuildId: 995c7ea8e07bff4da3627dfb9d67fc3f1272bf05)
08-10 22:24:11.673 19885 19885 F DEBUG   :       #34 pc 000000000050fdac  /data/app/~~cfNxXqddFfEQjkbswQUrrw==/host.exp.exponent-tfT13fULf-NxQmg9wJpadg==/base.apk!libreactnative.so (offset 0x26f8000) (facebook::react::Task::execute(facebook::jsi::Runtime&, bool)+240) (BuildId: 0ddb33254da2ff342e6c5e0a11334eae2254fc2e)
08-10 22:24:11.673 19885 19885 F DEBUG   :       #35 pc 000000000050df84  /data/app/~~cfNxXqddFfEQjkbswQUrrw==/host.exp.exponent-tfT13fULf-NxQmg9wJpadg==/base.apk!libreactnative.so (offset 0x26f8000) (facebook::react::RuntimeScheduler_Modern::executeTask(facebook::jsi::Runtime&, facebook::react::Task&, bool) const+60) (BuildId: 0ddb33254da2ff342e6c5e0a11334eae2254fc2e)
08-10 22:24:11.673 19885 19885 F DEBUG   :       #36 pc 000000000050e894  /data/app/~~cfNxXqddFfEQjkbswQUrrw==/host.exp.exponent-tfT13fULf-NxQmg9wJpadg==/base.apk!libreactnative.so (offset 0x26f8000) (facebook::react::RuntimeScheduler_Modern::runEventLoopTick(facebook::jsi::Runtime&, facebook::react::Task&)+124) (BuildId: 0ddb33254da2ff342e6c5e0a11334eae2254fc2e)
08-10 22:24:11.673 19885 19885 F DEBUG   :       #37 pc 000000000050e5a4  /data/app/~~cfNxXqddFfEQjkbswQUrrw==/host.exp.exponent-tfT13fULf-NxQmg9wJpadg==/base.apk!libreactnative.so (offset 0x26f8000) (facebook::react::RuntimeScheduler_Modern::runEventLoop(facebook::jsi::Runtime&)+88) (BuildId: 0ddb33254da2ff342e6c5e0a11334eae2254fc2e)
08-10 22:24:11.673 19885 19885 F DEBUG   :       #38 pc 00000000002d4020  /data/app/~~cfNxXqddFfEQjkbswQUrrw==/host.exp.exponent-tfT13fULf-NxQmg9wJpadg==/base.apk!libreactnative.so (offset 0x26f8000) (BuildId: 0ddb33254da2ff342e6c5e0a11334eae2254fc2e)
08-10 22:24:11.673 19885 19885 F DEBUG   :       #39 pc 00000000005552f4  /data/app/~~cfNxXqddFfEQjkbswQUrrw==/host.exp.exponent-tfT13fULf-NxQmg9wJpadg==/base.apk!libreactnative.so (offset 0x26f8000) (BuildId: 0ddb33254da2ff342e6c5e0a11334eae2254fc2e)
08-10 22:24:11.673 19885 19885 F DEBUG   :       #40 pc 0000000000017dd0  /data/app/~~cfNxXqddFfEQjkbswQUrrw==/host.exp.exponent-tfT13fULf-NxQmg9wJpadg==/base.apk!libfbjni.so (offset 0x1fc0000) (facebook::jni::detail::MethodWrapper<void (facebook::jni::JNativeRunnable::*)(), &facebook::jni::JNativeRunnable::run(), facebook::jni::JNativeRunnable, void>::dispatch(facebook::jni::alias_ref<facebook::jni::detail::JTypeFor<facebook::jni::HybridClass<facebook::jni::JNativeRunnable, facebook::jni::JRunnable>::JavaPart, facebook::jni::JRunnable, void>::_javaobject*>)+72) (BuildId: e438f6554af1d86b210a05412e96c4251e570157)
08-10 22:24:11.673 19885 19885 F DEBUG   :       #41 pc 0000000000017d10  /data/app/~~cfNxXqddFfEQjkbswQUrrw==/host.exp.exponent-tfT13fULf-NxQmg9wJpadg==/base.apk!libfbjni.so (offset 0x1fc0000) (facebook::jni::detail::FunctionWrapper<void (*)(facebook::jni::alias_ref<facebook::jni::detail::JTypeFor<facebook::jni::HybridClass<facebook::jni::JNativeRunnable, facebook::jni::JRunnable>::JavaPart, facebook::jni::JRunnable, void>::_javaobject*>), facebook::jni::detail::JTypeFor<facebook::jni::HybridClass<facebook::jni::JNativeRunnable, facebook::jni::JRunnable>::JavaPart, facebook::jni::JRunnable, void>::_javaobject*, void>::call(_JNIEnv*, _jobject*, void (*)(facebook::jni::alias_ref<facebook::jni::detail::JTypeFor<facebook::jni::HybridClass<facebook::jni::JNativeRunnable, facebook::jni::JRunnable>::JavaPart, facebook::jni::JRunnable, void>::_javaobject*>))+60) (BuildId: e438f6554af1d86b210a05412e96c4251e570157)
08-10 22:24:11.673 19885 19885 F DEBUG   :       #42 pc 00000000010bda10  /data/misc/apexdata/com.android.art/dalvik-cache/arm64/boot.oat (art_jni_trampoline+112)
08-10 22:24:11.673 19885 19885 F DEBUG   :       #43 pc 0000000000a87aec  /data/misc/apexdata/com.android.art/dalvik-cache/arm64/boot.oat (android.os.Handler.handleCallback+716)
08-10 22:24:11.673 19885 19885 F DEBUG   :       #44 pc 0000000000a87b60  /data/misc/apexdata/com.android.art/dalvik-cache/arm64/boot.oat (android.os.Handler.dispatchMessage+64)
08-10 22:24:11.673 19885 19885 F DEBUG   :       #45 pc 000000000072b8dc  /apex/com.android.art/lib64/libart.so (nterp_helper+2124) (BuildId: cecb684d19b4f44ee3cbd66142c315f4)
08-10 22:24:11.673 19885 19885 F DEBUG   :       #46 pc 000000000109603c  /data/app/~~cfNxXqddFfEQjkbswQUrrw==/host.exp.exponent-tfT13fULf-NxQmg9wJpadg==/oat/arm64/base.vdex (com.facebook.react.bridge.queue.MessageQueueThreadHandler.dispatchMessage+16)
08-10 22:24:11.673 19885 19885 F DEBUG   :       #47 pc 0000000000a8e950  /data/misc/apexdata/com.android.art/dalvik-cache/arm64/boot.oat (android.os.Looper.loopOnce+1296)
08-10 22:24:11.673 19885 19885 F DEBUG   :       #48 pc 0000000000a8e39c  /data/misc/apexdata/com.android.art/dalvik-cache/arm64/boot.oat (android.os.Looper.loop+780)
08-10 22:24:11.673 19885 19885 F DEBUG   :       #49 pc 000000000072b104  /apex/com.android.art/lib64/libart.so (nterp_helper+116) (BuildId: cecb684d19b4f44ee3cbd66142c315f4)
08-10 22:24:11.673 19885 19885 F DEBUG   :       #50 pc 00000000010962ea  /data/app/~~cfNxXqddFfEQjkbswQUrrw==/host.exp.exponent-tfT13fULf-NxQmg9wJpadg==/oat/arm64/base.vdex (com.facebook.react.bridge.queue.MessageQueueThreadImpl$Companion.startNewBackgroundThread$lambda$0+34)
08-10 22:24:11.673 19885 19885 F DEBUG   :       #51 pc 000000000072b104  /apex/com.android.art/lib64/libart.so (nterp_helper+116) (BuildId: cecb684d19b4f44ee3cbd66142c315f4)
08-10 22:24:11.673 19885 19885 F DEBUG   :       #52 pc 0000000001096286  /data/app/~~cfNxXqddFfEQjkbswQUrrw==/host.exp.exponent-tfT13fULf-NxQmg9wJpadg==/oat/arm64/base.vdex (com.facebook.react.bridge.queue.MessageQueueThreadImpl$Companion.a+6)
08-10 22:24:11.673 19885 19885 F DEBUG   :       #53 pc 000000000072b104  /apex/com.android.art/lib64/libart.so (nterp_helper+116) (BuildId: cecb684d19b4f44ee3cbd66142c315f4)
08-10 22:24:11.673 19885 19885 F DEBUG   :       #54 pc 00000000010960d2  /data/app/~~cfNxXqddFfEQjkbswQUrrw==/host.exp.exponent-tfT13fULf-NxQmg9wJpadg==/oat/arm64/base.vdex (com.facebook.react.bridge.queue.b.run+10)
08-10 22:24:11.673 19885 19885 F DEBUG   :       #55 pc 00000000003b2788  /data/misc/apexdata/com.android.art/dalvik-cache/arm64/boot.oat (java.lang.Thread.run+72)
08-10 22:24:11.673 19885 19885 F DEBUG   :       #56 pc 00000000002aaf94  /apex/com.android.art/lib64/libart.so (art_quick_invoke_stub+612) (BuildId: cecb684d19b4f44ee3cbd66142c315f4)
08-10 22:24:11.673 19885 19885 F DEBUG   :       #57 pc 00000000002a9268  /apex/com.android.art/lib64/libart.so (art::ArtMethod::Invoke(art::Thread*, unsigned int*, unsigned int, art::JValue*, char const*)+148) (BuildId: cecb684d19b4f44ee3cbd66142c315f4)
08-10 22:24:11.673 19885 19885 F DEBUG   :       #58 pc 00000000004e1a68  /apex/com.android.art/lib64/libart.so (art::Thread::CreateCallback(void*)+1384) (BuildId: cecb684d19b4f44ee3cbd66142c315f4)
08-10 22:24:11.673 19885 19885 F DEBUG   :       #59 pc 00000000000a3ce8  /apex/com.android.runtime/lib64/bionic/libc.so (__pthread_start(void*)+196) (BuildId: 1d6558a3b88dbb195284ac1e713c1e3c)
08-10 22:24:11.673 19885 19885 F DEBUG   :       #60 pc 000000000009614c  /apex/com.android.runtime/lib64/bionic/libc.so (__start_thread+68) (BuildId: 1d6558a3b88dbb195284ac1e713c1e3c)
08-10 22:25:13.086 19898 20445 F libc    : Fatal signal 11 (SIGSEGV), code 1 (SEGV_MAPERR), fault addr 0x93020489040003 in tid 20445 (mqt_v_js), pid 19898 (st.exp.exponent)
08-10 22:25:13.453 20490 20490 F DEBUG   : Process name is host.exp.exponent, uid is 10441, not key_process
08-10 22:25:13.453 20490 20490 F DEBUG   : keyProcess: 0
08-10 22:25:13.453 20490 20490 F DEBUG   : *** *** *** *** *** *** *** *** *** *** *** *** *** *** *** ***
08-10 22:25:13.453 20490 20490 F DEBUG   : Build fingerprint: 'OnePlus/CPH2467/OP5958L1:15/UKQ1.230924.001/T.R4T2.23bdcb2-2f14a-1:user/release-keys'
08-10 22:25:13.453 20490 20490 F DEBUG   : Revision: '0'
08-10 22:25:13.453 20490 20490 F DEBUG   : ABI: 'arm64'
08-10 22:25:13.453 20490 20490 F DEBUG   : Timestamp: 2026-08-10 22:25:13.205961930+0530
08-10 22:25:13.453 20490 20490 F DEBUG   : Process uptime: 63s
08-10 22:25:13.453 20490 20490 F DEBUG   : Cmdline: host.exp.exponent
08-10 22:25:13.453 20490 20490 F DEBUG   : pid: 19898, tid: 20445, name: mqt_v_js  >>> host.exp.exponent <<<
08-10 22:25:13.453 20490 20490 F DEBUG   : uid: 10441
08-10 22:25:13.453 20490 20490 F DEBUG   : signal 11 (SIGSEGV), code 1 (SEGV_MAPERR), fault addr 0x0093020489040003
08-10 22:25:13.453 20490 20490 F DEBUG   :     x0  b4000074d100d0c0  x1  0193020489040003  x2  0000000000090203  x3  0000000000000000
08-10 22:25:13.453 20490 20490 F DEBUG   :     x4  01930204890d0206  x5  b4000074d109d2c3  x6  0000000000000000  x7  0000000000200000
08-10 22:25:13.453 20490 20490 F DEBUG   :     x8  0000000000090211  x9  3bf9954ee9edf870  x10 00000074d10000c0  x11 0000000000000002
08-10 22:25:13.453 20490 20490 F DEBUG   :     x12 0000000000000003  x13 000000000000000d  x14 b26cfe7047fcd0bd  x15 0000000000000001
08-10 22:25:13.453 20490 20490 F DEBUG   :     x16 000000766c0f7838  x17 00000077daf0dac0  x18 000000769ee50000  x19 0000000000090203
08-10 22:25:13.453 20490 20490 F DEBUG   :     x20 b4000074d100d0c0  x21 0193020489040003  x22 000000000009020f  x23 00000076a5b52698
08-10 22:25:13.453 20490 20490 F DEBUG   :     x24 00000076a5b52698  x25 0000000000000002  x26 b4000075940b4570  x27 b4000075a6f32272
08-10 22:25:13.453 20490 20490 F DEBUG   :     x28 0000007677a1c518  x29 00000076a5b52470
08-10 22:25:13.453 20490 20490 F DEBUG   :     lr  000000766bf1511c  sp  00000076a5b52470  pc  00000077daf0dba0  pst 00000000a0001000
08-10 22:25:13.453 20490 20490 F DEBUG   : 61 total frames
08-10 22:25:13.453 20490 20490 F DEBUG   : backtrace:
08-10 22:25:13.453 20490 20490 F DEBUG   :       #00 pc 000000000008cba0  /apex/com.android.runtime/lib64/bionic/libc.so (__memcpy_aarch64_simd+224) (BuildId: 1d6558a3b88dbb195284ac1e713c1e3c)
08-10 22:25:13.453 20490 20490 F DEBUG   :       #01 pc 00000000000f5118  /data/app/~~cfNxXqddFfEQjkbswQUrrw==/host.exp.exponent-tfT13fULf-NxQmg9wJpadg==/base.apk!libhermesvm.so (offset 0x206c000) (BuildId: 995c7ea8e07bff4da3627dfb9d67fc3f1272bf05)
08-10 22:25:13.453 20490 20490 F DEBUG   :       #02 pc 00000000000f58dc  /data/app/~~cfNxXqddFfEQjkbswQUrrw==/host.exp.exponent-tfT13fULf-NxQmg9wJpadg==/base.apk!libhermesvm.so (offset 0x206c000) (BuildId: 995c7ea8e07bff4da3627dfb9d67fc3f1272bf05)
08-10 22:25:13.453 20490 20490 F DEBUG   :       #03 pc 000000000009891c  /data/app/~~cfNxXqddFfEQjkbswQUrrw==/host.exp.exponent-tfT13fULf-NxQmg9wJpadg==/base.apk!libworklets.so (offset 0x3a80000) (BuildId: 86b6ad38e383ea8e699cfdb1feeedb5559bc5249)
08-10 22:25:13.453 20490 20490 F DEBUG   :       #04 pc 00000000000f81a0  /data/app/~~cfNxXqddFfEQjkbswQUrrw==/host.exp.exponent-tfT13fULf-NxQmg9wJpadg==/base.apk!libhermesvm.so (offset 0x206c000) (BuildId: 995c7ea8e07bff4da3627dfb9d67fc3f1272bf05)
08-10 22:25:13.453 20490 20490 F DEBUG   :       #05 pc 00000000000f7edc  /data/app/~~cfNxXqddFfEQjkbswQUrrw==/host.exp.exponent-tfT13fULf-NxQmg9wJpadg==/base.apk!libhermesvm.so (offset 0x206c000) (BuildId: 995c7ea8e07bff4da3627dfb9d67fc3f1272bf05)
08-10 22:25:13.453 20490 20490 F DEBUG   :       #06 pc 00000000001f1d0c  /data/app/~~cfNxXqddFfEQjkbswQUrrw==/host.exp.exponent-tfT13fULf-NxQmg9wJpadg==/base.apk!libhermesvm.so (offset 0x206c000) (BuildId: 995c7ea8e07bff4da3627dfb9d67fc3f1272bf05)
08-10 22:25:13.453 20490 20490 F DEBUG   :       #07 pc 0000000000206734  /data/app/~~cfNxXqddFfEQjkbswQUrrw==/host.exp.exponent-tfT13fULf-NxQmg9wJpadg==/base.apk!libhermesvm.so (offset 0x206c000) (BuildId: 995c7ea8e07bff4da3627dfb9d67fc3f1272bf05)
08-10 22:25:13.453 20490 20490 F DEBUG   :       #08 pc 0000000000206ebc  /data/app/~~cfNxXqddFfEQjkbswQUrrw==/host.exp.exponent-tfT13fULf-NxQmg9wJpadg==/base.apk!libhermesvm.so (offset 0x206c000) (BuildId: 995c7ea8e07bff4da3627dfb9d67fc3f1272bf05)
08-10 22:25:13.453 20490 20490 F DEBUG   :       #09 pc 0000000000206810  /data/app/~~cfNxXqddFfEQjkbswQUrrw==/host.exp.exponent-tfT13fULf-NxQmg9wJpadg==/base.apk!libhermesvm.so (offset 0x206c000) (BuildId: 995c7ea8e07bff4da3627dfb9d67fc3f1272bf05)
08-10 22:25:13.453 20490 20490 F DEBUG   :       #10 pc 00000000001f1f2c  /data/app/~~cfNxXqddFfEQjkbswQUrrw==/host.exp.exponent-tfT13fULf-NxQmg9wJpadg==/base.apk!libhermesvm.so (offset 0x206c000) (BuildId: 995c7ea8e07bff4da3627dfb9d67fc3f1272bf05)
08-10 22:25:13.453 20490 20490 F DEBUG   :       #11 pc 00000000001f0084  /data/app/~~cfNxXqddFfEQjkbswQUrrw==/host.exp.exponent-tfT13fULf-NxQmg9wJpadg==/base.apk!libhermesvm.so (offset 0x206c000) (BuildId: 995c7ea8e07bff4da3627dfb9d67fc3f1272bf05)
08-10 22:25:13.453 20490 20490 F DEBUG   :       #12 pc 0000000000220bc4  /data/app/~~cfNxXqddFfEQjkbswQUrrw==/host.exp.exponent-tfT13fULf-NxQmg9wJpadg==/base.apk!libhermesvm.so (offset 0x206c000) (BuildId: 995c7ea8e07bff4da3627dfb9d67fc3f1272bf05)
08-10 22:25:13.453 20490 20490 F DEBUG   :       #13 pc 00000000002144dc  /data/app/~~cfNxXqddFfEQjkbswQUrrw==/host.exp.exponent-tfT13fULf-NxQmg9wJpadg==/base.apk!libhermesvm.so (offset 0x206c000) (BuildId: 995c7ea8e07bff4da3627dfb9d67fc3f1272bf05)
08-10 22:25:13.453 20490 20490 F DEBUG   :       #14 pc 0000000000208fcc  /data/app/~~cfNxXqddFfEQjkbswQUrrw==/host.exp.exponent-tfT13fULf-NxQmg9wJpadg==/base.apk!libhermesvm.so (offset 0x206c000) (BuildId: 995c7ea8e07bff4da3627dfb9d67fc3f1272bf05)
08-10 22:25:13.453 20490 20490 F DEBUG   :       #15 pc 0000000000206810  /data/app/~~cfNxXqddFfEQjkbswQUrrw==/host.exp.exponent-tfT13fULf-NxQmg9wJpadg==/base.apk!libhermesvm.so (offset 0x206c000) (BuildId: 995c7ea8e07bff4da3627dfb9d67fc3f1272bf05)
08-10 22:25:13.453 20490 20490 F DEBUG   :       #16 pc 00000000001f1f2c  /data/app/~~cfNxXqddFfEQjkbswQUrrw==/host.exp.exponent-tfT13fULf-NxQmg9wJpadg==/base.apk!libhermesvm.so (offset 0x206c000) (BuildId: 995c7ea8e07bff4da3627dfb9d67fc3f1272bf05)
08-10 22:25:13.453 20490 20490 F DEBUG   :       #17 pc 00000000001f168c  /data/app/~~cfNxXqddFfEQjkbswQUrrw==/host.exp.exponent-tfT13fULf-NxQmg9wJpadg==/base.apk!libhermesvm.so (offset 0x206c000) (BuildId: 995c7ea8e07bff4da3627dfb9d67fc3f1272bf05)
08-10 22:25:13.453 20490 20490 F DEBUG   :       #18 pc 0000000000206748  /data/app/~~cfNxXqddFfEQjkbswQUrrw==/host.exp.exponent-tfT13fULf-NxQmg9wJpadg==/base.apk!libhermesvm.so (offset 0x206c000) (BuildId: 995c7ea8e07bff4da3627dfb9d67fc3f1272bf05)
08-10 22:25:13.453 20490 20490 F DEBUG   :       #19 pc 0000000000206ebc  /data/app/~~cfNxXqddFfEQjkbswQUrrw==/host.exp.exponent-tfT13fULf-NxQmg9wJpadg==/base.apk!libhermesvm.so (offset 0x206c000) (BuildId: 995c7ea8e07bff4da3627dfb9d67fc3f1272bf05)
08-10 22:25:13.453 20490 20490 F DEBUG   :       #20 pc 0000000000206810  /data/app/~~cfNxXqddFfEQjkbswQUrrw==/host.exp.exponent-tfT13fULf-NxQmg9wJpadg==/base.apk!libhermesvm.so (offset 0x206c000) (BuildId: 995c7ea8e07bff4da3627dfb9d67fc3f1272bf05)
08-10 22:25:13.453 20490 20490 F DEBUG   :       #21 pc 00000000001f1f2c  /data/app/~~cfNxXqddFfEQjkbswQUrrw==/host.exp.exponent-tfT13fULf-NxQmg9wJpadg==/base.apk!libhermesvm.so (offset 0x206c000) (BuildId: 995c7ea8e07bff4da3627dfb9d67fc3f1272bf05)
08-10 22:25:13.453 20490 20490 F DEBUG   :       #22 pc 00000000001f168c  /data/app/~~cfNxXqddFfEQjkbswQUrrw==/host.exp.exponent-tfT13fULf-NxQmg9wJpadg==/base.apk!libhermesvm.so (offset 0x206c000) (BuildId: 995c7ea8e07bff4da3627dfb9d67fc3f1272bf05)
08-10 22:25:13.453 20490 20490 F DEBUG   :       #23 pc 00000000000efb08  /data/app/~~cfNxXqddFfEQjkbswQUrrw==/host.exp.exponent-tfT13fULf-NxQmg9wJpadg==/base.apk!libhermesvm.so (offset 0x206c000) (BuildId: 995c7ea8e07bff4da3627dfb9d67fc3f1272bf05)
08-10 22:25:13.453 20490 20490 F DEBUG   :       #24 pc 000000000037ff7c  /data/app/~~cfNxXqddFfEQjkbswQUrrw==/host.exp.exponent-tfT13fULf-NxQmg9wJpadg==/base.apk!libreactnative.so (offset 0x26f8000) (BuildId: 0ddb33254da2ff342e6c5e0a11334eae2254fc2e)
08-10 22:25:13.453 20490 20490 F DEBUG   :       #25 pc 00000000000f81a0  /data/app/~~cfNxXqddFfEQjkbswQUrrw==/host.exp.exponent-tfT13fULf-NxQmg9wJpadg==/base.apk!libhermesvm.so (offset 0x206c000) (BuildId: 995c7ea8e07bff4da3627dfb9d67fc3f1272bf05)
08-10 22:25:13.453 20490 20490 F DEBUG   :       #26 pc 00000000000f7edc  /data/app/~~cfNxXqddFfEQjkbswQUrrw==/host.exp.exponent-tfT13fULf-NxQmg9wJpadg==/base.apk!libhermesvm.so (offset 0x206c000) (BuildId: 995c7ea8e07bff4da3627dfb9d67fc3f1272bf05)
08-10 22:25:13.453 20490 20490 F DEBUG   :       #27 pc 00000000001f1d0c  /data/app/~~cfNxXqddFfEQjkbswQUrrw==/host.exp.exponent-tfT13fULf-NxQmg9wJpadg==/base.apk!libhermesvm.so (offset 0x206c000) (BuildId: 995c7ea8e07bff4da3627dfb9d67fc3f1272bf05)
08-10 22:25:13.453 20490 20490 F DEBUG   :       #28 pc 0000000000206734  /data/app/~~cfNxXqddFfEQjkbswQUrrw==/host.exp.exponent-tfT13fULf-NxQmg9wJpadg==/base.apk!libhermesvm.so (offset 0x206c000) (BuildId: 995c7ea8e07bff4da3627dfb9d67fc3f1272bf05)
08-10 22:25:13.453 20490 20490 F DEBUG   :       #29 pc 0000000000206ebc  /data/app/~~cfNxXqddFfEQjkbswQUrrw==/host.exp.exponent-tfT13fULf-NxQmg9wJpadg==/base.apk!libhermesvm.so (offset 0x206c000) (BuildId: 995c7ea8e07bff4da3627dfb9d67fc3f1272bf05)
08-10 22:25:13.453 20490 20490 F DEBUG   :       #30 pc 0000000000206810  /data/app/~~cfNxXqddFfEQjkbswQUrrw==/host.exp.exponent-tfT13fULf-NxQmg9wJpadg==/base.apk!libhermesvm.so (offset 0x206c000) (BuildId: 995c7ea8e07bff4da3627dfb9d67fc3f1272bf05)
08-10 22:25:13.453 20490 20490 F DEBUG   :       #31 pc 00000000001f1f2c  /data/app/~~cfNxXqddFfEQjkbswQUrrw==/host.exp.exponent-tfT13fULf-NxQmg9wJpadg==/base.apk!libhermesvm.so (offset 0x206c000) (BuildId: 995c7ea8e07bff4da3627dfb9d67fc3f1272bf05)
08-10 22:25:13.453 20490 20490 F DEBUG   :       #32 pc 00000000001f168c  /data/app/~~cfNxXqddFfEQjkbswQUrrw==/host.exp.exponent-tfT13fULf-NxQmg9wJpadg==/base.apk!libhermesvm.so (offset 0x206c000) (BuildId: 995c7ea8e07bff4da3627dfb9d67fc3f1272bf05)
08-10 22:25:13.453 20490 20490 F DEBUG   :       #33 pc 00000000000efb08  /data/app/~~cfNxXqddFfEQjkbswQUrrw==/host.exp.exponent-tfT13fULf-NxQmg9wJpadg==/base.apk!libhermesvm.so (offset 0x206c000) (BuildId: 995c7ea8e07bff4da3627dfb9d67fc3f1272bf05)
08-10 22:25:13.453 20490 20490 F DEBUG   :       #34 pc 000000000050fdac  /data/app/~~cfNxXqddFfEQjkbswQUrrw==/host.exp.exponent-tfT13fULf-NxQmg9wJpadg==/base.apk!libreactnative.so (offset 0x26f8000) (facebook::react::Task::execute(facebook::jsi::Runtime&, bool)+240) (BuildId: 0ddb33254da2ff342e6c5e0a11334eae2254fc2e)
08-10 22:25:13.453 20490 20490 F DEBUG   :       #35 pc 000000000050df84  /data/app/~~cfNxXqddFfEQjkbswQUrrw==/host.exp.exponent-tfT13fULf-NxQmg9wJpadg==/base.apk!libreactnative.so (offset 0x26f8000) (facebook::react::RuntimeScheduler_Modern::executeTask(facebook::jsi::Runtime&, facebook::react::Task&, bool) const+60) (BuildId: 0ddb33254da2ff342e6c5e0a11334eae2254fc2e)
08-10 22:25:13.453 20490 20490 F DEBUG   :       #36 pc 000000000050e894  /data/app/~~cfNxXqddFfEQjkbswQUrrw==/host.exp.exponent-tfT13fULf-NxQmg9wJpadg==/base.apk!libreactnative.so (offset 0x26f8000) (facebook::react::RuntimeScheduler_Modern::runEventLoopTick(facebook::jsi::Runtime&, facebook::react::Task&)+124) (BuildId: 0ddb33254da2ff342e6c5e0a11334eae2254fc2e)
08-10 22:25:13.453 20490 20490 F DEBUG   :       #37 pc 000000000050e5a4  /data/app/~~cfNxXqddFfEQjkbswQUrrw==/host.exp.exponent-tfT13fULf-NxQmg9wJpadg==/base.apk!libreactnative.so (offset 0x26f8000) (facebook::react::RuntimeScheduler_Modern::runEventLoop(facebook::jsi::Runtime&)+88) (BuildId: 0ddb33254da2ff342e6c5e0a11334eae2254fc2e)
08-10 22:25:13.453 20490 20490 F DEBUG   :       #38 pc 00000000002d4020  /data/app/~~cfNxXqddFfEQjkbswQUrrw==/host.exp.exponent-tfT13fULf-NxQmg9wJpadg==/base.apk!libreactnative.so (offset 0x26f8000) (BuildId: 0ddb33254da2ff342e6c5e0a11334eae2254fc2e)
08-10 22:25:13.453 20490 20490 F DEBUG   :       #39 pc 00000000005552f4  /data/app/~~cfNxXqddFfEQjkbswQUrrw==/host.exp.exponent-tfT13fULf-NxQmg9wJpadg==/base.apk!libreactnative.so (offset 0x26f8000) (BuildId: 0ddb33254da2ff342e6c5e0a11334eae2254fc2e)
08-10 22:25:13.453 20490 20490 F DEBUG   :       #40 pc 0000000000017dd0  /data/app/~~cfNxXqddFfEQjkbswQUrrw==/host.exp.exponent-tfT13fULf-NxQmg9wJpadg==/base.apk!libfbjni.so (offset 0x1fc0000) (facebook::jni::detail::MethodWrapper<void (facebook::jni::JNativeRunnable::*)(), &facebook::jni::JNativeRunnable::run(), facebook::jni::JNativeRunnable, void>::dispatch(facebook::jni::alias_ref<facebook::jni::detail::JTypeFor<facebook::jni::HybridClass<facebook::jni::JNativeRunnable, facebook::jni::JRunnable>::JavaPart, facebook::jni::JRunnable, void>::_javaobject*>)+72) (BuildId: e438f6554af1d86b210a05412e96c4251e570157)
08-10 22:25:13.454 20490 20490 F DEBUG   :       #41 pc 0000000000017d10  /data/app/~~cfNxXqddFfEQjkbswQUrrw==/host.exp.exponent-tfT13fULf-NxQmg9wJpadg==/base.apk!libfbjni.so (offset 0x1fc0000) (facebook::jni::detail::FunctionWrapper<void (*)(facebook::jni::alias_ref<facebook::jni::detail::JTypeFor<facebook::jni::HybridClass<facebook::jni::JNativeRunnable, facebook::jni::JRunnable>::JavaPart, facebook::jni::JRunnable, void>::_javaobject*>), facebook::jni::detail::JTypeFor<facebook::jni::HybridClass<facebook::jni::JNativeRunnable, facebook::jni::JRunnable>::JavaPart, facebook::jni::JRunnable, void>::_javaobject*, void>::call(_JNIEnv*, _jobject*, void (*)(facebook::jni::alias_ref<facebook::jni::detail::JTypeFor<facebook::jni::HybridClass<facebook::jni::JNativeRunnable, facebook::jni::JRunnable>::JavaPart, facebook::jni::JRunnable, void>::_javaobject*>))+60) (BuildId: e438f6554af1d86b210a05412e96c4251e570157)
08-10 22:25:13.454 20490 20490 F DEBUG   :       #42 pc 00000000010bda10  /data/misc/apexdata/com.android.art/dalvik-cache/arm64/boot.oat (art_jni_trampoline+112)
08-10 22:25:13.454 20490 20490 F DEBUG   :       #43 pc 0000000000a87aec  /data/misc/apexdata/com.android.art/dalvik-cache/arm64/boot.oat (android.os.Handler.handleCallback+716)
08-10 22:25:13.454 20490 20490 F DEBUG   :       #44 pc 0000000000a87b60  /data/misc/apexdata/com.android.art/dalvik-cache/arm64/boot.oat (android.os.Handler.dispatchMessage+64)
08-10 22:25:13.454 20490 20490 F DEBUG   :       #45 pc 000000000072b8dc  /apex/com.android.art/lib64/libart.so (nterp_helper+2124) (BuildId: cecb684d19b4f44ee3cbd66142c315f4)
08-10 22:25:13.454 20490 20490 F DEBUG   :       #46 pc 00000000002283fc  [anon:dalvik-classes3.dex extract...st.exp.exponent-tfT13fULf-NxQmg9wJpadg==/base.apk] (com.facebook.react.bridge.queue.MessageQueueThreadHandler.dispatchMessage+16)
08-10 22:25:13.454 20490 20490 F DEBUG   :       #47 pc 0000000000a8e950  /data/misc/apexdata/com.android.art/dalvik-cache/arm64/boot.oat (android.os.Looper.loopOnce+1296)
08-10 22:25:13.454 20490 20490 F DEBUG   :       #48 pc 0000000000a8e39c  /data/misc/apexdata/com.android.art/dalvik-cache/arm64/boot.oat (android.os.Looper.loop+780)
08-10 22:25:13.454 20490 20490 F DEBUG   :       #49 pc 000000000072b104  /apex/com.android.art/lib64/libart.so (nterp_helper+116) (BuildId: cecb684d19b4f44ee3cbd66142c315f4)
08-10 22:25:13.454 20490 20490 F DEBUG   :       #50 pc 00000000002286aa  [anon:dalvik-classes3.dex extract...st.exp.exponent-tfT13fULf-NxQmg9wJpadg==/base.apk] (com.facebook.react.bridge.queue.MessageQueueThreadImpl$Companion.startNewBackgroundThread$lambda$0+34)
08-10 22:25:13.454 20490 20490 F DEBUG   :       #51 pc 000000000072b104  /apex/com.android.art/lib64/libart.so (nterp_helper+116) (BuildId: cecb684d19b4f44ee3cbd66142c315f4)
08-10 22:25:13.454 20490 20490 F DEBUG   :       #52 pc 0000000000228646  [anon:dalvik-classes3.dex extract...st.exp.exponent-tfT13fULf-NxQmg9wJpadg==/base.apk] (com.facebook.react.bridge.queue.MessageQueueThreadImpl$Companion.a+6)
08-10 22:25:13.454 20490 20490 F DEBUG   :       #53 pc 000000000072b104  /apex/com.android.art/lib64/libart.so (nterp_helper+116) (BuildId: cecb684d19b4f44ee3cbd66142c315f4)
08-10 22:25:13.454 20490 20490 F DEBUG   :       #54 pc 0000000000228492  [anon:dalvik-classes3.dex extract...st.exp.exponent-tfT13fULf-NxQmg9wJpadg==/base.apk] (com.facebook.react.bridge.queue.b.run+10)
08-10 22:25:13.454 20490 20490 F DEBUG   :       #55 pc 00000000003b2788  /data/misc/apexdata/com.android.art/dalvik-cache/arm64/boot.oat (java.lang.Thread.run+72)
08-10 22:25:13.454 20490 20490 F DEBUG   :       #56 pc 00000000002aaf94  /apex/com.android.art/lib64/libart.so (art_quick_invoke_stub+612) (BuildId: cecb684d19b4f44ee3cbd66142c315f4)
08-10 22:25:13.454 20490 20490 F DEBUG   :       #57 pc 00000000002a9268  /apex/com.android.art/lib64/libart.so (art::ArtMethod::Invoke(art::Thread*, unsigned int*, unsigned int, art::JValue*, char const*)+148) (BuildId: cecb684d19b4f44ee3cbd66142c315f4)
08-10 22:25:13.454 20490 20490 F DEBUG   :       #58 pc 00000000004e1a68  /apex/com.android.art/lib64/libart.so (art::Thread::CreateCallback(void*)+1384) (BuildId: cecb684d19b4f44ee3cbd66142c315f4)
08-10 22:25:13.454 20490 20490 F DEBUG   :       #59 pc 00000000000a3ce8  /apex/com.android.runtime/lib64/bionic/libc.so (__pthread_start(void*)+196) (BuildId: 1d6558a3b88dbb195284ac1e713c1e3c)
08-10 22:25:13.454 20490 20490 F DEBUG   :       #60 pc 000000000009614c  /apex/com.android.runtime/lib64/bionic/libc.so (__start_thread+68) (BuildId: 1d6558a3b88dbb195284ac1e713c1e3c)
08-10 22:25:46.712 20499 20719 F libc    : Fatal signal 11 (SIGSEGV), code 1 (SEGV_MAPERR), fault addr 0x93020489040003 in tid 20719 (mqt_v_js), pid 20499 (st.exp.exponent)
08-10 22:25:47.063 20766 20766 F DEBUG   : Process name is host.exp.exponent, uid is 10441, not key_process
08-10 22:25:47.063 20766 20766 F DEBUG   : keyProcess: 0
08-10 22:25:47.063 20766 20766 F DEBUG   : *** *** *** *** *** *** *** *** *** *** *** *** *** *** *** ***
08-10 22:25:47.063 20766 20766 F DEBUG   : Build fingerprint: 'OnePlus/CPH2467/OP5958L1:15/UKQ1.230924.001/T.R4T2.23bdcb2-2f14a-1:user/release-keys'
08-10 22:25:47.063 20766 20766 F DEBUG   : Revision: '0'
08-10 22:25:47.063 20766 20766 F DEBUG   : ABI: 'arm64'
08-10 22:25:47.063 20766 20766 F DEBUG   : Timestamp: 2026-08-10 22:25:46.850920355+0530
08-10 22:25:47.063 20766 20766 F DEBUG   : Process uptime: 34s
08-10 22:25:47.063 20766 20766 F DEBUG   : Cmdline: host.exp.exponent
08-10 22:25:47.063 20766 20766 F DEBUG   : pid: 20499, tid: 20719, name: mqt_v_js  >>> host.exp.exponent <<<
08-10 22:25:47.063 20766 20766 F DEBUG   : uid: 10441
08-10 22:25:47.063 20766 20766 F DEBUG   : signal 11 (SIGSEGV), code 1 (SEGV_MAPERR), fault addr 0x0093020489040003
08-10 22:25:47.063 20766 20766 F DEBUG   :     x0  b4000074cc555a00  x1  0193020489040003  x2  0000000000090203  x3  0000000000000000
08-10 22:25:47.063 20766 20766 F DEBUG   :     x4  01930204890d0206  x5  b4000074cc5e5c03  x6  0000000000000079  x7  000000000000000e
08-10 22:25:47.063 20766 20766 F DEBUG   :     x8  0000000000090211  x9  4e45089b02f8351e  x10 00000074cc400a00  x11 0000000000000002
08-10 22:25:47.063 20766 20766 F DEBUG   :     x12 0000000000000028  x13 000000000000000d  x14 b26cfe70435159fd  x15 00000074cc408b10
08-10 22:25:47.063 20766 20766 F DEBUG   :     x16 00000076643c6838  x17 00000077daf0dac0  x18 0000007681bc0000  x19 0000000000090203
08-10 22:25:47.063 20766 20766 F DEBUG   :     x20 b4000074cc555a00  x21 0193020489040003  x22 000000000009020f  x23 000000772f520698
08-10 22:25:47.063 20766 20766 F DEBUG   :     x24 000000772f520698  x25 0000000000000002  x26 b40000758f466700  x27 b40000758f473032
08-10 22:25:47.063 20766 20766 F DEBUG   :     x28 00000076ccb48518  x29 000000772f520470
08-10 22:25:47.063 20766 20766 F DEBUG   :     lr  00000076641e411c  sp  000000772f520470  pc  00000077daf0dba0  pst 00000000a0001000
08-10 22:25:47.063 20766 20766 F DEBUG   : 61 total frames
08-10 22:25:47.063 20766 20766 F DEBUG   : backtrace:
08-10 22:25:47.063 20766 20766 F DEBUG   :       #00 pc 000000000008cba0  /apex/com.android.runtime/lib64/bionic/libc.so (__memcpy_aarch64_simd+224) (BuildId: 1d6558a3b88dbb195284ac1e713c1e3c)
08-10 22:25:47.063 20766 20766 F DEBUG   :       #01 pc 00000000000f5118  /data/app/~~cfNxXqddFfEQjkbswQUrrw==/host.exp.exponent-tfT13fULf-NxQmg9wJpadg==/base.apk!libhermesvm.so (offset 0x206c000) (BuildId: 995c7ea8e07bff4da3627dfb9d67fc3f1272bf05)
08-10 22:25:47.063 20766 20766 F DEBUG   :       #02 pc 00000000000f58dc  /data/app/~~cfNxXqddFfEQjkbswQUrrw==/host.exp.exponent-tfT13fULf-NxQmg9wJpadg==/base.apk!libhermesvm.so (offset 0x206c000) (BuildId: 995c7ea8e07bff4da3627dfb9d67fc3f1272bf05)
08-10 22:25:47.063 20766 20766 F DEBUG   :       #03 pc 000000000009891c  /data/app/~~cfNxXqddFfEQjkbswQUrrw==/host.exp.exponent-tfT13fULf-NxQmg9wJpadg==/base.apk!libworklets.so (offset 0x3a80000) (BuildId: 86b6ad38e383ea8e699cfdb1feeedb5559bc5249)
08-10 22:25:47.063 20766 20766 F DEBUG   :       #04 pc 00000000000f81a0  /data/app/~~cfNxXqddFfEQjkbswQUrrw==/host.exp.exponent-tfT13fULf-NxQmg9wJpadg==/base.apk!libhermesvm.so (offset 0x206c000) (BuildId: 995c7ea8e07bff4da3627dfb9d67fc3f1272bf05)
08-10 22:25:47.063 20766 20766 F DEBUG   :       #05 pc 00000000000f7edc  /data/app/~~cfNxXqddFfEQjkbswQUrrw==/host.exp.exponent-tfT13fULf-NxQmg9wJpadg==/base.apk!libhermesvm.so (offset 0x206c000) (BuildId: 995c7ea8e07bff4da3627dfb9d67fc3f1272bf05)
08-10 22:25:47.063 20766 20766 F DEBUG   :       #06 pc 00000000001f1d0c  /data/app/~~cfNxXqddFfEQjkbswQUrrw==/host.exp.exponent-tfT13fULf-NxQmg9wJpadg==/base.apk!libhermesvm.so (offset 0x206c000) (BuildId: 995c7ea8e07bff4da3627dfb9d67fc3f1272bf05)
08-10 22:25:47.063 20766 20766 F DEBUG   :       #07 pc 0000000000206734  /data/app/~~cfNxXqddFfEQjkbswQUrrw==/host.exp.exponent-tfT13fULf-NxQmg9wJpadg==/base.apk!libhermesvm.so (offset 0x206c000) (BuildId: 995c7ea8e07bff4da3627dfb9d67fc3f1272bf05)
08-10 22:25:47.063 20766 20766 F DEBUG   :       #08 pc 0000000000206ebc  /data/app/~~cfNxXqddFfEQjkbswQUrrw==/host.exp.exponent-tfT13fULf-NxQmg9wJpadg==/base.apk!libhermesvm.so (offset 0x206c000) (BuildId: 995c7ea8e07bff4da3627dfb9d67fc3f1272bf05)
08-10 22:25:47.063 20766 20766 F DEBUG   :       #09 pc 0000000000206810  /data/app/~~cfNxXqddFfEQjkbswQUrrw==/host.exp.exponent-tfT13fULf-NxQmg9wJpadg==/base.apk!libhermesvm.so (offset 0x206c000) (BuildId: 995c7ea8e07bff4da3627dfb9d67fc3f1272bf05)
08-10 22:25:47.063 20766 20766 F DEBUG   :       #10 pc 00000000001f1f2c  /data/app/~~cfNxXqddFfEQjkbswQUrrw==/host.exp.exponent-tfT13fULf-NxQmg9wJpadg==/base.apk!libhermesvm.so (offset 0x206c000) (BuildId: 995c7ea8e07bff4da3627dfb9d67fc3f1272bf05)
08-10 22:25:47.063 20766 20766 F DEBUG   :       #11 pc 00000000001f0084  /data/app/~~cfNxXqddFfEQjkbswQUrrw==/host.exp.exponent-tfT13fULf-NxQmg9wJpadg==/base.apk!libhermesvm.so (offset 0x206c000) (BuildId: 995c7ea8e07bff4da3627dfb9d67fc3f1272bf05)
08-10 22:25:47.063 20766 20766 F DEBUG   :       #12 pc 0000000000220bc4  /data/app/~~cfNxXqddFfEQjkbswQUrrw==/host.exp.exponent-tfT13fULf-NxQmg9wJpadg==/base.apk!libhermesvm.so (offset 0x206c000) (BuildId: 995c7ea8e07bff4da3627dfb9d67fc3f1272bf05)
08-10 22:25:47.063 20766 20766 F DEBUG   :       #13 pc 00000000002144dc  /data/app/~~cfNxXqddFfEQjkbswQUrrw==/host.exp.exponent-tfT13fULf-NxQmg9wJpadg==/base.apk!libhermesvm.so (offset 0x206c000) (BuildId: 995c7ea8e07bff4da3627dfb9d67fc3f1272bf05)
08-10 22:25:47.063 20766 20766 F DEBUG   :       #14 pc 0000000000208fcc  /data/app/~~cfNxXqddFfEQjkbswQUrrw==/host.exp.exponent-tfT13fULf-NxQmg9wJpadg==/base.apk!libhermesvm.so (offset 0x206c000) (BuildId: 995c7ea8e07bff4da3627dfb9d67fc3f1272bf05)
08-10 22:25:47.063 20766 20766 F DEBUG   :       #15 pc 0000000000206810  /data/app/~~cfNxXqddFfEQjkbswQUrrw==/host.exp.exponent-tfT13fULf-NxQmg9wJpadg==/base.apk!libhermesvm.so (offset 0x206c000) (BuildId: 995c7ea8e07bff4da3627dfb9d67fc3f1272bf05)
08-10 22:25:47.063 20766 20766 F DEBUG   :       #16 pc 00000000001f1f2c  /data/app/~~cfNxXqddFfEQjkbswQUrrw==/host.exp.exponent-tfT13fULf-NxQmg9wJpadg==/base.apk!libhermesvm.so (offset 0x206c000) (BuildId: 995c7ea8e07bff4da3627dfb9d67fc3f1272bf05)
08-10 22:25:47.063 20766 20766 F DEBUG   :       #17 pc 00000000001f168c  /data/app/~~cfNxXqddFfEQjkbswQUrrw==/host.exp.exponent-tfT13fULf-NxQmg9wJpadg==/base.apk!libhermesvm.so (offset 0x206c000) (BuildId: 995c7ea8e07bff4da3627dfb9d67fc3f1272bf05)
08-10 22:25:47.063 20766 20766 F DEBUG   :       #18 pc 0000000000206748  /data/app/~~cfNxXqddFfEQjkbswQUrrw==/host.exp.exponent-tfT13fULf-NxQmg9wJpadg==/base.apk!libhermesvm.so (offset 0x206c000) (BuildId: 995c7ea8e07bff4da3627dfb9d67fc3f1272bf05)
08-10 22:25:47.063 20766 20766 F DEBUG   :       #19 pc 0000000000206ebc  /data/app/~~cfNxXqddFfEQjkbswQUrrw==/host.exp.exponent-tfT13fULf-NxQmg9wJpadg==/base.apk!libhermesvm.so (offset 0x206c000) (BuildId: 995c7ea8e07bff4da3627dfb9d67fc3f1272bf05)
08-10 22:25:47.063 20766 20766 F DEBUG   :       #20 pc 0000000000206810  /data/app/~~cfNxXqddFfEQjkbswQUrrw==/host.exp.exponent-tfT13fULf-NxQmg9wJpadg==/base.apk!libhermesvm.so (offset 0x206c000) (BuildId: 995c7ea8e07bff4da3627dfb9d67fc3f1272bf05)
08-10 22:25:47.063 20766 20766 F DEBUG   :       #21 pc 00000000001f1f2c  /data/app/~~cfNxXqddFfEQjkbswQUrrw==/host.exp.exponent-tfT13fULf-NxQmg9wJpadg==/base.apk!libhermesvm.so (offset 0x206c000) (BuildId: 995c7ea8e07bff4da3627dfb9d67fc3f1272bf05)
08-10 22:25:47.063 20766 20766 F DEBUG   :       #22 pc 00000000001f168c  /data/app/~~cfNxXqddFfEQjkbswQUrrw==/host.exp.exponent-tfT13fULf-NxQmg9wJpadg==/base.apk!libhermesvm.so (offset 0x206c000) (BuildId: 995c7ea8e07bff4da3627dfb9d67fc3f1272bf05)
08-10 22:25:47.063 20766 20766 F DEBUG   :       #23 pc 00000000000efb08  /data/app/~~cfNxXqddFfEQjkbswQUrrw==/host.exp.exponent-tfT13fULf-NxQmg9wJpadg==/base.apk!libhermesvm.so (offset 0x206c000) (BuildId: 995c7ea8e07bff4da3627dfb9d67fc3f1272bf05)
08-10 22:25:47.063 20766 20766 F DEBUG   :       #24 pc 000000000037ff7c  /data/app/~~cfNxXqddFfEQjkbswQUrrw==/host.exp.exponent-tfT13fULf-NxQmg9wJpadg==/base.apk!libreactnative.so (offset 0x26f8000) (BuildId: 0ddb33254da2ff342e6c5e0a11334eae2254fc2e)
08-10 22:25:47.063 20766 20766 F DEBUG   :       #25 pc 00000000000f81a0  /data/app/~~cfNxXqddFfEQjkbswQUrrw==/host.exp.exponent-tfT13fULf-NxQmg9wJpadg==/base.apk!libhermesvm.so (offset 0x206c000) (BuildId: 995c7ea8e07bff4da3627dfb9d67fc3f1272bf05)
08-10 22:25:47.063 20766 20766 F DEBUG   :       #26 pc 00000000000f7edc  /data/app/~~cfNxXqddFfEQjkbswQUrrw==/host.exp.exponent-tfT13fULf-NxQmg9wJpadg==/base.apk!libhermesvm.so (offset 0x206c000) (BuildId: 995c7ea8e07bff4da3627dfb9d67fc3f1272bf05)
08-10 22:25:47.063 20766 20766 F DEBUG   :       #27 pc 00000000001f1d0c  /data/app/~~cfNxXqddFfEQjkbswQUrrw==/host.exp.exponent-tfT13fULf-NxQmg9wJpadg==/base.apk!libhermesvm.so (offset 0x206c000) (BuildId: 995c7ea8e07bff4da3627dfb9d67fc3f1272bf05)
08-10 22:25:47.063 20766 20766 F DEBUG   :       #28 pc 0000000000206734  /data/app/~~cfNxXqddFfEQjkbswQUrrw==/host.exp.exponent-tfT13fULf-NxQmg9wJpadg==/base.apk!libhermesvm.so (offset 0x206c000) (BuildId: 995c7ea8e07bff4da3627dfb9d67fc3f1272bf05)
08-10 22:25:47.063 20766 20766 F DEBUG   :       #29 pc 0000000000206ebc  /data/app/~~cfNxXqddFfEQjkbswQUrrw==/host.exp.exponent-tfT13fULf-NxQmg9wJpadg==/base.apk!libhermesvm.so (offset 0x206c000) (BuildId: 995c7ea8e07bff4da3627dfb9d67fc3f1272bf05)
08-10 22:25:47.063 20766 20766 F DEBUG   :       #30 pc 0000000000206810  /data/app/~~cfNxXqddFfEQjkbswQUrrw==/host.exp.exponent-tfT13fULf-NxQmg9wJpadg==/base.apk!libhermesvm.so (offset 0x206c000) (BuildId: 995c7ea8e07bff4da3627dfb9d67fc3f1272bf05)
08-10 22:25:47.063 20766 20766 F DEBUG   :       #31 pc 00000000001f1f2c  /data/app/~~cfNxXqddFfEQjkbswQUrrw==/host.exp.exponent-tfT13fULf-NxQmg9wJpadg==/base.apk!libhermesvm.so (offset 0x206c000) (BuildId: 995c7ea8e07bff4da3627dfb9d67fc3f1272bf05)
08-10 22:25:47.063 20766 20766 F DEBUG   :       #32 pc 00000000001f168c  /data/app/~~cfNxXqddFfEQjkbswQUrrw==/host.exp.exponent-tfT13fULf-NxQmg9wJpadg==/base.apk!libhermesvm.so (offset 0x206c000) (BuildId: 995c7ea8e07bff4da3627dfb9d67fc3f1272bf05)
08-10 22:25:47.063 20766 20766 F DEBUG   :       #33 pc 00000000000efb08  /data/app/~~cfNxXqddFfEQjkbswQUrrw==/host.exp.exponent-tfT13fULf-NxQmg9wJpadg==/base.apk!libhermesvm.so (offset 0x206c000) (BuildId: 995c7ea8e07bff4da3627dfb9d67fc3f1272bf05)
08-10 22:25:47.063 20766 20766 F DEBUG   :       #34 pc 000000000050fdac  /data/app/~~cfNxXqddFfEQjkbswQUrrw==/host.exp.exponent-tfT13fULf-NxQmg9wJpadg==/base.apk!libreactnative.so (offset 0x26f8000) (facebook::react::Task::execute(facebook::jsi::Runtime&, bool)+240) (BuildId: 0ddb33254da2ff342e6c5e0a11334eae2254fc2e)
08-10 22:25:47.063 20766 20766 F DEBUG   :       #35 pc 000000000050df84  /data/app/~~cfNxXqddFfEQjkbswQUrrw==/host.exp.exponent-tfT13fULf-NxQmg9wJpadg==/base.apk!libreactnative.so (offset 0x26f8000) (facebook::react::RuntimeScheduler_Modern::executeTask(facebook::jsi::Runtime&, facebook::react::Task&, bool) const+60) (BuildId: 0ddb33254da2ff342e6c5e0a11334eae2254fc2e)
08-10 22:25:47.063 20766 20766 F DEBUG   :       #36 pc 000000000050e894  /data/app/~~cfNxXqddFfEQjkbswQUrrw==/host.exp.exponent-tfT13fULf-NxQmg9wJpadg==/base.apk!libreactnative.so (offset 0x26f8000) (facebook::react::RuntimeScheduler_Modern::runEventLoopTick(facebook::jsi::Runtime&, facebook::react::Task&)+124) (BuildId: 0ddb33254da2ff342e6c5e0a11334eae2254fc2e)
08-10 22:25:47.063 20766 20766 F DEBUG   :       #37 pc 000000000050e5a4  /data/app/~~cfNxXqddFfEQjkbswQUrrw==/host.exp.exponent-tfT13fULf-NxQmg9wJpadg==/base.apk!libreactnative.so (offset 0x26f8000) (facebook::react::RuntimeScheduler_Modern::runEventLoop(facebook::jsi::Runtime&)+88) (BuildId: 0ddb33254da2ff342e6c5e0a11334eae2254fc2e)
08-10 22:25:47.063 20766 20766 F DEBUG   :       #38 pc 00000000002d4020  /data/app/~~cfNxXqddFfEQjkbswQUrrw==/host.exp.exponent-tfT13fULf-NxQmg9wJpadg==/base.apk!libreactnative.so (offset 0x26f8000) (BuildId: 0ddb33254da2ff342e6c5e0a11334eae2254fc2e)
08-10 22:25:47.063 20766 20766 F DEBUG   :       #39 pc 00000000005552f4  /data/app/~~cfNxXqddFfEQjkbswQUrrw==/host.exp.exponent-tfT13fULf-NxQmg9wJpadg==/base.apk!libreactnative.so (offset 0x26f8000) (BuildId: 0ddb33254da2ff342e6c5e0a11334eae2254fc2e)
08-10 22:25:47.063 20766 20766 F DEBUG   :       #40 pc 0000000000017dd0  /data/app/~~cfNxXqddFfEQjkbswQUrrw==/host.exp.exponent-tfT13fULf-NxQmg9wJpadg==/base.apk!libfbjni.so (offset 0x1fc0000) (facebook::jni::detail::MethodWrapper<void (facebook::jni::JNativeRunnable::*)(), &facebook::jni::JNativeRunnable::run(), facebook::jni::JNativeRunnable, void>::dispatch(facebook::jni::alias_ref<facebook::jni::detail::JTypeFor<facebook::jni::HybridClass<facebook::jni::JNativeRunnable, facebook::jni::JRunnable>::JavaPart, facebook::jni::JRunnable, void>::_javaobject*>)+72) (BuildId: e438f6554af1d86b210a05412e96c4251e570157)
08-10 22:25:47.063 20766 20766 F DEBUG   :       #41 pc 0000000000017d10  /data/app/~~cfNxXqddFfEQjkbswQUrrw==/host.exp.exponent-tfT13fULf-NxQmg9wJpadg==/base.apk!libfbjni.so (offset 0x1fc0000) (facebook::jni::detail::FunctionWrapper<void (*)(facebook::jni::alias_ref<facebook::jni::detail::JTypeFor<facebook::jni::HybridClass<facebook::jni::JNativeRunnable, facebook::jni::JRunnable>::JavaPart, facebook::jni::JRunnable, void>::_javaobject*>), facebook::jni::detail::JTypeFor<facebook::jni::HybridClass<facebook::jni::JNativeRunnable, facebook::jni::JRunnable>::JavaPart, facebook::jni::JRunnable, void>::_javaobject*, void>::call(_JNIEnv*, _jobject*, void (*)(facebook::jni::alias_ref<facebook::jni::detail::JTypeFor<facebook::jni::HybridClass<facebook::jni::JNativeRunnable, facebook::jni::JRunnable>::JavaPart, facebook::jni::JRunnable, void>::_javaobject*>))+60) (BuildId: e438f6554af1d86b210a05412e96c4251e570157)
08-10 22:25:47.063 20766 20766 F DEBUG   :       #42 pc 00000000010bda10  /data/misc/apexdata/com.android.art/dalvik-cache/arm64/boot.oat (art_jni_trampoline+112)
08-10 22:25:47.063 20766 20766 F DEBUG   :       #43 pc 0000000000a87aec  /data/misc/apexdata/com.android.art/dalvik-cache/arm64/boot.oat (android.os.Handler.handleCallback+716)
08-10 22:25:47.063 20766 20766 F DEBUG   :       #44 pc 0000000000a87b60  /data/misc/apexdata/com.android.art/dalvik-cache/arm64/boot.oat (android.os.Handler.dispatchMessage+64)
08-10 22:25:47.063 20766 20766 F DEBUG   :       #45 pc 000000000072b8dc  /apex/com.android.art/lib64/libart.so (nterp_helper+2124) (BuildId: cecb684d19b4f44ee3cbd66142c315f4)
08-10 22:25:47.063 20766 20766 F DEBUG   :       #46 pc 000000000109603c  /data/app/~~cfNxXqddFfEQjkbswQUrrw==/host.exp.exponent-tfT13fULf-NxQmg9wJpadg==/oat/arm64/base.vdex (com.facebook.react.bridge.queue.MessageQueueThreadHandler.dispatchMessage+16)
08-10 22:25:47.063 20766 20766 F DEBUG   :       #47 pc 0000000000a8e950  /data/misc/apexdata/com.android.art/dalvik-cache/arm64/boot.oat (android.os.Looper.loopOnce+1296)
08-10 22:25:47.063 20766 20766 F DEBUG   :       #48 pc 0000000000a8e39c  /data/misc/apexdata/com.android.art/dalvik-cache/arm64/boot.oat (android.os.Looper.loop+780)
08-10 22:25:47.063 20766 20766 F DEBUG   :       #49 pc 000000000072b104  /apex/com.android.art/lib64/libart.so (nterp_helper+116) (BuildId: cecb684d19b4f44ee3cbd66142c315f4)
08-10 22:25:47.063 20766 20766 F DEBUG   :       #50 pc 00000000010962ea  /data/app/~~cfNxXqddFfEQjkbswQUrrw==/host.exp.exponent-tfT13fULf-NxQmg9wJpadg==/oat/arm64/base.vdex (com.facebook.react.bridge.queue.MessageQueueThreadImpl$Companion.startNewBackgroundThread$lambda$0+34)
08-10 22:25:47.063 20766 20766 F DEBUG   :       #51 pc 000000000072b104  /apex/com.android.art/lib64/libart.so (nterp_helper+116) (BuildId: cecb684d19b4f44ee3cbd66142c315f4)
08-10 22:25:47.063 20766 20766 F DEBUG   :       #52 pc 0000000001096286  /data/app/~~cfNxXqddFfEQjkbswQUrrw==/host.exp.exponent-tfT13fULf-NxQmg9wJpadg==/oat/arm64/base.vdex (com.facebook.react.bridge.queue.MessageQueueThreadImpl$Companion.a+6)
08-10 22:25:47.063 20766 20766 F DEBUG   :       #53 pc 000000000072b104  /apex/com.android.art/lib64/libart.so (nterp_helper+116) (BuildId: cecb684d19b4f44ee3cbd66142c315f4)
08-10 22:25:47.063 20766 20766 F DEBUG   :       #54 pc 00000000010960d2  /data/app/~~cfNxXqddFfEQjkbswQUrrw==/host.exp.exponent-tfT13fULf-NxQmg9wJpadg==/oat/arm64/base.vdex (com.facebook.react.bridge.queue.b.run+10)
08-10 22:25:47.063 20766 20766 F DEBUG   :       #55 pc 00000000003b2788  /data/misc/apexdata/com.android.art/dalvik-cache/arm64/boot.oat (java.lang.Thread.run+72)
08-10 22:25:47.063 20766 20766 F DEBUG   :       #56 pc 00000000002aaf94  /apex/com.android.art/lib64/libart.so (art_quick_invoke_stub+612) (BuildId: cecb684d19b4f44ee3cbd66142c315f4)
08-10 22:25:47.063 20766 20766 F DEBUG   :       #57 pc 00000000002a9268  /apex/com.android.art/lib64/libart.so (art::ArtMethod::Invoke(art::Thread*, unsigned int*, unsigned int, art::JValue*, char const*)+148) (BuildId: cecb684d19b4f44ee3cbd66142c315f4)
08-10 22:25:47.063 20766 20766 F DEBUG   :       #58 pc 00000000004e1a68  /apex/com.android.art/lib64/libart.so (art::Thread::CreateCallback(void*)+1384) (BuildId: cecb684d19b4f44ee3cbd66142c315f4)
08-10 22:25:47.063 20766 20766 F DEBUG   :       #59 pc 00000000000a3ce8  /apex/com.android.runtime/lib64/bionic/libc.so (__pthread_start(void*)+196) (BuildId: 1d6558a3b88dbb195284ac1e713c1e3c)
08-10 22:25:47.063 20766 20766 F DEBUG   :       #60 pc 000000000009614c  /apex/com.android.runtime/lib64/bionic/libc.so (__start_thread+68) (BuildId: 1d6558a3b88dbb195284ac1e713c1e3c)
08-10 22:26:27.685 20774 21076 F libc    : Fatal signal 11 (SIGSEGV), code 1 (SEGV_MAPERR), fault addr 0x93020489040003 in tid 21076 (mqt_v_js), pid 20774 (st.exp.exponent)
08-10 22:26:28.016 21101 21101 F DEBUG   : Process name is host.exp.exponent, uid is 10441, not key_process
08-10 22:26:28.016 21101 21101 F DEBUG   : keyProcess: 0
08-10 22:26:28.016 21101 21101 F DEBUG   : *** *** *** *** *** *** *** *** *** *** *** *** *** *** *** ***
08-10 22:26:28.016 21101 21101 F DEBUG   : Build fingerprint: 'OnePlus/CPH2467/OP5958L1:15/UKQ1.230924.001/T.R4T2.23bdcb2-2f14a-1:user/release-keys'
08-10 22:26:28.016 21101 21101 F DEBUG   : Revision: '0'
08-10 22:26:28.016 21101 21101 F DEBUG   : ABI: 'arm64'
08-10 22:26:28.016 21101 21101 F DEBUG   : Timestamp: 2026-08-10 22:26:27.794806225+0530
08-10 22:26:28.016 21101 21101 F DEBUG   : Process uptime: 41s
08-10 22:26:28.016 21101 21101 F DEBUG   : Cmdline: host.exp.exponent
08-10 22:26:28.016 21101 21101 F DEBUG   : pid: 20774, tid: 21076, name: mqt_v_js  >>> host.exp.exponent <<<
08-10 22:26:28.016 21101 21101 F DEBUG   : uid: 10441
08-10 22:26:28.016 21101 21101 F DEBUG   : signal 11 (SIGSEGV), code 1 (SEGV_MAPERR), fault addr 0x0093020489040003
08-10 22:26:28.016 21101 21101 F DEBUG   :     x0  b4000076c66b1700  x1  0193020489040003  x2  0000000000090203  x3  0000000000000000
08-10 22:26:28.016 21101 21101 F DEBUG   :     x4  01930204890d0206  x5  b4000076c6741903  x6  0000000000000079  x7  000000000000000e
08-10 22:26:28.016 21101 21101 F DEBUG   :     x8  0000000000090211  x9  3158125373814784  x10 00000076c6600700  x11 0000000000000000
08-10 22:26:28.016 21101 21101 F DEBUG   :     x12 000000000000001c  x13 000000000000000d  x14 b26cfe723d6716fd  x15 00000076c6604d90
08-10 22:26:28.016 21101 21101 F DEBUG   :     x16 000000766b53e838  x17 00000077daf0dac0  x18 000000767bb3c000  x19 0000000000090203
08-10 22:26:28.016 21101 21101 F DEBUG   :     x20 b4000076c66b1700  x21 0193020489040003  x22 000000000009020f  x23 0000007695e1b698
08-10 22:26:28.016 21101 21101 F DEBUG   :     x24 0000007695e1b698  x25 0000000000000002  x26 b400007590baac40  x27 b400007590b66df2
08-10 22:26:28.016 21101 21101 F DEBUG   :     x28 00000076950c6518  x29 0000007695e1b470
08-10 22:26:28.016 21101 21101 F DEBUG   :     lr  000000766b35c11c  sp  0000007695e1b470  pc  00000077daf0dba0  pst 00000000a0001000
08-10 22:26:28.016 21101 21101 F DEBUG   : 61 total frames
08-10 22:26:28.016 21101 21101 F DEBUG   : backtrace:
08-10 22:26:28.016 21101 21101 F DEBUG   :       #00 pc 000000000008cba0  /apex/com.android.runtime/lib64/bionic/libc.so (__memcpy_aarch64_simd+224) (BuildId: 1d6558a3b88dbb195284ac1e713c1e3c)
08-10 22:26:28.016 21101 21101 F DEBUG   :       #01 pc 00000000000f5118  /data/app/~~cfNxXqddFfEQjkbswQUrrw==/host.exp.exponent-tfT13fULf-NxQmg9wJpadg==/base.apk!libhermesvm.so (offset 0x206c000) (BuildId: 995c7ea8e07bff4da3627dfb9d67fc3f1272bf05)
08-10 22:26:28.016 21101 21101 F DEBUG   :       #02 pc 00000000000f58dc  /data/app/~~cfNxXqddFfEQjkbswQUrrw==/host.exp.exponent-tfT13fULf-NxQmg9wJpadg==/base.apk!libhermesvm.so (offset 0x206c000) (BuildId: 995c7ea8e07bff4da3627dfb9d67fc3f1272bf05)
08-10 22:26:28.016 21101 21101 F DEBUG   :       #03 pc 000000000009891c  /data/app/~~cfNxXqddFfEQjkbswQUrrw==/host.exp.exponent-tfT13fULf-NxQmg9wJpadg==/base.apk!libworklets.so (offset 0x3a80000) (BuildId: 86b6ad38e383ea8e699cfdb1feeedb5559bc5249)
08-10 22:26:28.016 21101 21101 F DEBUG   :       #04 pc 00000000000f81a0  /data/app/~~cfNxXqddFfEQjkbswQUrrw==/host.exp.exponent-tfT13fULf-NxQmg9wJpadg==/base.apk!libhermesvm.so (offset 0x206c000) (BuildId: 995c7ea8e07bff4da3627dfb9d67fc3f1272bf05)
08-10 22:26:28.016 21101 21101 F DEBUG   :       #05 pc 00000000000f7edc  /data/app/~~cfNxXqddFfEQjkbswQUrrw==/host.exp.exponent-tfT13fULf-NxQmg9wJpadg==/base.apk!libhermesvm.so (offset 0x206c000) (BuildId: 995c7ea8e07bff4da3627dfb9d67fc3f1272bf05)
08-10 22:26:28.016 21101 21101 F DEBUG   :       #06 pc 00000000001f1d0c  /data/app/~~cfNxXqddFfEQjkbswQUrrw==/host.exp.exponent-tfT13fULf-NxQmg9wJpadg==/base.apk!libhermesvm.so (offset 0x206c000) (BuildId: 995c7ea8e07bff4da3627dfb9d67fc3f1272bf05)
08-10 22:26:28.016 21101 21101 F DEBUG   :       #07 pc 0000000000206734  /data/app/~~cfNxXqddFfEQjkbswQUrrw==/host.exp.exponent-tfT13fULf-NxQmg9wJpadg==/base.apk!libhermesvm.so (offset 0x206c000) (BuildId: 995c7ea8e07bff4da3627dfb9d67fc3f1272bf05)
08-10 22:26:28.016 21101 21101 F DEBUG   :       #08 pc 0000000000206ebc  /data/app/~~cfNxXqddFfEQjkbswQUrrw==/host.exp.exponent-tfT13fULf-NxQmg9wJpadg==/base.apk!libhermesvm.so (offset 0x206c000) (BuildId: 995c7ea8e07bff4da3627dfb9d67fc3f1272bf05)
08-10 22:26:28.016 21101 21101 F DEBUG   :       #09 pc 0000000000206810  /data/app/~~cfNxXqddFfEQjkbswQUrrw==/host.exp.exponent-tfT13fULf-NxQmg9wJpadg==/base.apk!libhermesvm.so (offset 0x206c000) (BuildId: 995c7ea8e07bff4da3627dfb9d67fc3f1272bf05)
08-10 22:26:28.016 21101 21101 F DEBUG   :       #10 pc 00000000001f1f2c  /data/app/~~cfNxXqddFfEQjkbswQUrrw==/host.exp.exponent-tfT13fULf-NxQmg9wJpadg==/base.apk!libhermesvm.so (offset 0x206c000) (BuildId: 995c7ea8e07bff4da3627dfb9d67fc3f1272bf05)
08-10 22:26:28.016 21101 21101 F DEBUG   :       #11 pc 00000000001f0084  /data/app/~~cfNxXqddFfEQjkbswQUrrw==/host.exp.exponent-tfT13fULf-NxQmg9wJpadg==/base.apk!libhermesvm.so (offset 0x206c000) (BuildId: 995c7ea8e07bff4da3627dfb9d67fc3f1272bf05)
08-10 22:26:28.016 21101 21101 F DEBUG   :       #12 pc 0000000000220bc4  /data/app/~~cfNxXqddFfEQjkbswQUrrw==/host.exp.exponent-tfT13fULf-NxQmg9wJpadg==/base.apk!libhermesvm.so (offset 0x206c000) (BuildId: 995c7ea8e07bff4da3627dfb9d67fc3f1272bf05)
08-10 22:26:28.016 21101 21101 F DEBUG   :       #13 pc 00000000002144dc  /data/app/~~cfNxXqddFfEQjkbswQUrrw==/host.exp.exponent-tfT13fULf-NxQmg9wJpadg==/base.apk!libhermesvm.so (offset 0x206c000) (BuildId: 995c7ea8e07bff4da3627dfb9d67fc3f1272bf05)
08-10 22:26:28.016 21101 21101 F DEBUG   :       #14 pc 0000000000208fcc  /data/app/~~cfNxXqddFfEQjkbswQUrrw==/host.exp.exponent-tfT13fULf-NxQmg9wJpadg==/base.apk!libhermesvm.so (offset 0x206c000) (BuildId: 995c7ea8e07bff4da3627dfb9d67fc3f1272bf05)
08-10 22:26:28.016 21101 21101 F DEBUG   :       #15 pc 0000000000206810  /data/app/~~cfNxXqddFfEQjkbswQUrrw==/host.exp.exponent-tfT13fULf-NxQmg9wJpadg==/base.apk!libhermesvm.so (offset 0x206c000) (BuildId: 995c7ea8e07bff4da3627dfb9d67fc3f1272bf05)
08-10 22:26:28.016 21101 21101 F DEBUG   :       #16 pc 00000000001f1f2c  /data/app/~~cfNxXqddFfEQjkbswQUrrw==/host.exp.exponent-tfT13fULf-NxQmg9wJpadg==/base.apk!libhermesvm.so (offset 0x206c000) (BuildId: 995c7ea8e07bff4da3627dfb9d67fc3f1272bf05)
08-10 22:26:28.016 21101 21101 F DEBUG   :       #17 pc 00000000001f168c  /data/app/~~cfNxXqddFfEQjkbswQUrrw==/host.exp.exponent-tfT13fULf-NxQmg9wJpadg==/base.apk!libhermesvm.so (offset 0x206c000) (BuildId: 995c7ea8e07bff4da3627dfb9d67fc3f1272bf05)
08-10 22:26:28.016 21101 21101 F DEBUG   :       #18 pc 0000000000206748  /data/app/~~cfNxXqddFfEQjkbswQUrrw==/host.exp.exponent-tfT13fULf-NxQmg9wJpadg==/base.apk!libhermesvm.so (offset 0x206c000) (BuildId: 995c7ea8e07bff4da3627dfb9d67fc3f1272bf05)
08-10 22:26:28.016 21101 21101 F DEBUG   :       #19 pc 0000000000206ebc  /data/app/~~cfNxXqddFfEQjkbswQUrrw==/host.exp.exponent-tfT13fULf-NxQmg9wJpadg==/base.apk!libhermesvm.so (offset 0x206c000) (BuildId: 995c7ea8e07bff4da3627dfb9d67fc3f1272bf05)
08-10 22:26:28.016 21101 21101 F DEBUG   :       #20 pc 0000000000206810  /data/app/~~cfNxXqddFfEQjkbswQUrrw==/host.exp.exponent-tfT13fULf-NxQmg9wJpadg==/base.apk!libhermesvm.so (offset 0x206c000) (BuildId: 995c7ea8e07bff4da3627dfb9d67fc3f1272bf05)
08-10 22:26:28.016 21101 21101 F DEBUG   :       #21 pc 00000000001f1f2c  /data/app/~~cfNxXqddFfEQjkbswQUrrw==/host.exp.exponent-tfT13fULf-NxQmg9wJpadg==/base.apk!libhermesvm.so (offset 0x206c000) (BuildId: 995c7ea8e07bff4da3627dfb9d67fc3f1272bf05)
08-10 22:26:28.016 21101 21101 F DEBUG   :       #22 pc 00000000001f168c  /data/app/~~cfNxXqddFfEQjkbswQUrrw==/host.exp.exponent-tfT13fULf-NxQmg9wJpadg==/base.apk!libhermesvm.so (offset 0x206c000) (BuildId: 995c7ea8e07bff4da3627dfb9d67fc3f1272bf05)
08-10 22:26:28.016 21101 21101 F DEBUG   :       #23 pc 00000000000efb08  /data/app/~~cfNxXqddFfEQjkbswQUrrw==/host.exp.exponent-tfT13fULf-NxQmg9wJpadg==/base.apk!libhermesvm.so (offset 0x206c000) (BuildId: 995c7ea8e07bff4da3627dfb9d67fc3f1272bf05)
08-10 22:26:28.016 21101 21101 F DEBUG   :       #24 pc 000000000037ff7c  /data/app/~~cfNxXqddFfEQjkbswQUrrw==/host.exp.exponent-tfT13fULf-NxQmg9wJpadg==/base.apk!libreactnative.so (offset 0x26f8000) (BuildId: 0ddb33254da2ff342e6c5e0a11334eae2254fc2e)
08-10 22:26:28.016 21101 21101 F DEBUG   :       #25 pc 00000000000f81a0  /data/app/~~cfNxXqddFfEQjkbswQUrrw==/host.exp.exponent-tfT13fULf-NxQmg9wJpadg==/base.apk!libhermesvm.so (offset 0x206c000) (BuildId: 995c7ea8e07bff4da3627dfb9d67fc3f1272bf05)
08-10 22:26:28.016 21101 21101 F DEBUG   :       #26 pc 00000000000f7edc  /data/app/~~cfNxXqddFfEQjkbswQUrrw==/host.exp.exponent-tfT13fULf-NxQmg9wJpadg==/base.apk!libhermesvm.so (offset 0x206c000) (BuildId: 995c7ea8e07bff4da3627dfb9d67fc3f1272bf05)
08-10 22:26:28.016 21101 21101 F DEBUG   :       #27 pc 00000000001f1d0c  /data/app/~~cfNxXqddFfEQjkbswQUrrw==/host.exp.exponent-tfT13fULf-NxQmg9wJpadg==/base.apk!libhermesvm.so (offset 0x206c000) (BuildId: 995c7ea8e07bff4da3627dfb9d67fc3f1272bf05)
08-10 22:26:28.016 21101 21101 F DEBUG   :       #28 pc 0000000000206734  /data/app/~~cfNxXqddFfEQjkbswQUrrw==/host.exp.exponent-tfT13fULf-NxQmg9wJpadg==/base.apk!libhermesvm.so (offset 0x206c000) (BuildId: 995c7ea8e07bff4da3627dfb9d67fc3f1272bf05)
08-10 22:26:28.016 21101 21101 F DEBUG   :       #29 pc 0000000000206ebc  /data/app/~~cfNxXqddFfEQjkbswQUrrw==/host.exp.exponent-tfT13fULf-NxQmg9wJpadg==/base.apk!libhermesvm.so (offset 0x206c000) (BuildId: 995c7ea8e07bff4da3627dfb9d67fc3f1272bf05)
08-10 22:26:28.016 21101 21101 F DEBUG   :       #30 pc 0000000000206810  /data/app/~~cfNxXqddFfEQjkbswQUrrw==/host.exp.exponent-tfT13fULf-NxQmg9wJpadg==/base.apk!libhermesvm.so (offset 0x206c000) (BuildId: 995c7ea8e07bff4da3627dfb9d67fc3f1272bf05)
08-10 22:26:28.016 21101 21101 F DEBUG   :       #31 pc 00000000001f1f2c  /data/app/~~cfNxXqddFfEQjkbswQUrrw==/host.exp.exponent-tfT13fULf-NxQmg9wJpadg==/base.apk!libhermesvm.so (offset 0x206c000) (BuildId: 995c7ea8e07bff4da3627dfb9d67fc3f1272bf05)
08-10 22:26:28.016 21101 21101 F DEBUG   :       #32 pc 00000000001f168c  /data/app/~~cfNxXqddFfEQjkbswQUrrw==/host.exp.exponent-tfT13fULf-NxQmg9wJpadg==/base.apk!libhermesvm.so (offset 0x206c000) (BuildId: 995c7ea8e07bff4da3627dfb9d67fc3f1272bf05)
08-10 22:26:28.016 21101 21101 F DEBUG   :       #33 pc 00000000000efb08  /data/app/~~cfNxXqddFfEQjkbswQUrrw==/host.exp.exponent-tfT13fULf-NxQmg9wJpadg==/base.apk!libhermesvm.so (offset 0x206c000) (BuildId: 995c7ea8e07bff4da3627dfb9d67fc3f1272bf05)
08-10 22:26:28.016 21101 21101 F DEBUG   :       #34 pc 000000000050fdac  /data/app/~~cfNxXqddFfEQjkbswQUrrw==/host.exp.exponent-tfT13fULf-NxQmg9wJpadg==/base.apk!libreactnative.so (offset 0x26f8000) (facebook::react::Task::execute(facebook::jsi::Runtime&, bool)+240) (BuildId: 0ddb33254da2ff342e6c5e0a11334eae2254fc2e)
08-10 22:26:28.016 21101 21101 F DEBUG   :       #35 pc 000000000050df84  /data/app/~~cfNxXqddFfEQjkbswQUrrw==/host.exp.exponent-tfT13fULf-NxQmg9wJpadg==/base.apk!libreactnative.so (offset 0x26f8000) (facebook::react::RuntimeScheduler_Modern::executeTask(facebook::jsi::Runtime&, facebook::react::Task&, bool) const+60) (BuildId: 0ddb33254da2ff342e6c5e0a11334eae2254fc2e)
08-10 22:26:28.016 21101 21101 F DEBUG   :       #36 pc 000000000050e894  /data/app/~~cfNxXqddFfEQjkbswQUrrw==/host.exp.exponent-tfT13fULf-NxQmg9wJpadg==/base.apk!libreactnative.so (offset 0x26f8000) (facebook::react::RuntimeScheduler_Modern::runEventLoopTick(facebook::jsi::Runtime&, facebook::react::Task&)+124) (BuildId: 0ddb33254da2ff342e6c5e0a11334eae2254fc2e)
08-10 22:26:28.016 21101 21101 F DEBUG   :       #37 pc 000000000050e5a4  /data/app/~~cfNxXqddFfEQjkbswQUrrw==/host.exp.exponent-tfT13fULf-NxQmg9wJpadg==/base.apk!libreactnative.so (offset 0x26f8000) (facebook::react::RuntimeScheduler_Modern::runEventLoop(facebook::jsi::Runtime&)+88) (BuildId: 0ddb33254da2ff342e6c5e0a11334eae2254fc2e)
08-10 22:26:28.016 21101 21101 F DEBUG   :       #38 pc 00000000002d4020  /data/app/~~cfNxXqddFfEQjkbswQUrrw==/host.exp.exponent-tfT13fULf-NxQmg9wJpadg==/base.apk!libreactnative.so (offset 0x26f8000) (BuildId: 0ddb33254da2ff342e6c5e0a11334eae2254fc2e)
08-10 22:26:28.016 21101 21101 F DEBUG   :       #39 pc 00000000005552f4  /data/app/~~cfNxXqddFfEQjkbswQUrrw==/host.exp.exponent-tfT13fULf-NxQmg9wJpadg==/base.apk!libreactnative.so (offset 0x26f8000) (BuildId: 0ddb33254da2ff342e6c5e0a11334eae2254fc2e)
08-10 22:26:28.016 21101 21101 F DEBUG   :       #40 pc 0000000000017dd0  /data/app/~~cfNxXqddFfEQjkbswQUrrw==/host.exp.exponent-tfT13fULf-NxQmg9wJpadg==/base.apk!libfbjni.so (offset 0x1fc0000) (facebook::jni::detail::MethodWrapper<void (facebook::jni::JNativeRunnable::*)(), &facebook::jni::JNativeRunnable::run(), facebook::jni::JNativeRunnable, void>::dispatch(facebook::jni::alias_ref<facebook::jni::detail::JTypeFor<facebook::jni::HybridClass<facebook::jni::JNativeRunnable, facebook::jni::JRunnable>::JavaPart, facebook::jni::JRunnable, void>::_javaobject*>)+72) (BuildId: e438f6554af1d86b210a05412e96c4251e570157)
08-10 22:26:28.016 21101 21101 F DEBUG   :       #41 pc 0000000000017d10  /data/app/~~cfNxXqddFfEQjkbswQUrrw==/host.exp.exponent-tfT13fULf-NxQmg9wJpadg==/base.apk!libfbjni.so (offset 0x1fc0000) (facebook::jni::detail::FunctionWrapper<void (*)(facebook::jni::alias_ref<facebook::jni::detail::JTypeFor<facebook::jni::HybridClass<facebook::jni::JNativeRunnable, facebook::jni::JRunnable>::JavaPart, facebook::jni::JRunnable, void>::_javaobject*>), facebook::jni::detail::JTypeFor<facebook::jni::HybridClass<facebook::jni::JNativeRunnable, facebook::jni::JRunnable>::JavaPart, facebook::jni::JRunnable, void>::_javaobject*, void>::call(_JNIEnv*, _jobject*, void (*)(facebook::jni::alias_ref<facebook::jni::detail::JTypeFor<facebook::jni::HybridClass<facebook::jni::JNativeRunnable, facebook::jni::JRunnable>::JavaPart, facebook::jni::JRunnable, void>::_javaobject*>))+60) (BuildId: e438f6554af1d86b210a05412e96c4251e570157)
08-10 22:26:28.016 21101 21101 F DEBUG   :       #42 pc 00000000010bda10  /data/misc/apexdata/com.android.art/dalvik-cache/arm64/boot.oat (art_jni_trampoline+112)
08-10 22:26:28.016 21101 21101 F DEBUG   :       #43 pc 0000000000a87aec  /data/misc/apexdata/com.android.art/dalvik-cache/arm64/boot.oat (android.os.Handler.handleCallback+716)
08-10 22:26:28.016 21101 21101 F DEBUG   :       #44 pc 0000000000a87b60  /data/misc/apexdata/com.android.art/dalvik-cache/arm64/boot.oat (android.os.Handler.dispatchMessage+64)
08-10 22:26:28.016 21101 21101 F DEBUG   :       #45 pc 000000000072b8dc  /apex/com.android.art/lib64/libart.so (nterp_helper+2124) (BuildId: cecb684d19b4f44ee3cbd66142c315f4)
08-10 22:26:28.016 21101 21101 F DEBUG   :       #46 pc 000000000109603c  /data/app/~~cfNxXqddFfEQjkbswQUrrw==/host.exp.exponent-tfT13fULf-NxQmg9wJpadg==/oat/arm64/base.vdex (com.facebook.react.bridge.queue.MessageQueueThreadHandler.dispatchMessage+16)
08-10 22:26:28.016 21101 21101 F DEBUG   :       #47 pc 0000000000a8e950  /data/misc/apexdata/com.android.art/dalvik-cache/arm64/boot.oat (android.os.Looper.loopOnce+1296)
08-10 22:26:28.016 21101 21101 F DEBUG   :       #48 pc 0000000000a8e39c  /data/misc/apexdata/com.android.art/dalvik-cache/arm64/boot.oat (android.os.Looper.loop+780)
08-10 22:26:28.016 21101 21101 F DEBUG   :       #49 pc 000000000072b104  /apex/com.android.art/lib64/libart.so (nterp_helper+116) (BuildId: cecb684d19b4f44ee3cbd66142c315f4)
08-10 22:26:28.016 21101 21101 F DEBUG   :       #50 pc 00000000010962ea  /data/app/~~cfNxXqddFfEQjkbswQUrrw==/host.exp.exponent-tfT13fULf-NxQmg9wJpadg==/oat/arm64/base.vdex (com.facebook.react.bridge.queue.MessageQueueThreadImpl$Companion.startNewBackgroundThread$lambda$0+34)
08-10 22:26:28.016 21101 21101 F DEBUG   :       #51 pc 000000000072b104  /apex/com.android.art/lib64/libart.so (nterp_helper+116) (BuildId: cecb684d19b4f44ee3cbd66142c315f4)
08-10 22:26:28.016 21101 21101 F DEBUG   :       #52 pc 0000000001096286  /data/app/~~cfNxXqddFfEQjkbswQUrrw==/host.exp.exponent-tfT13fULf-NxQmg9wJpadg==/oat/arm64/base.vdex (com.facebook.react.bridge.queue.MessageQueueThreadImpl$Companion.a+6)
08-10 22:26:28.016 21101 21101 F DEBUG   :       #53 pc 000000000072b104  /apex/com.android.art/lib64/libart.so (nterp_helper+116) (BuildId: cecb684d19b4f44ee3cbd66142c315f4)
08-10 22:26:28.016 21101 21101 F DEBUG   :       #54 pc 00000000010960d2  /data/app/~~cfNxXqddFfEQjkbswQUrrw==/host.exp.exponent-tfT13fULf-NxQmg9wJpadg==/oat/arm64/base.vdex (com.facebook.react.bridge.queue.b.run+10)
08-10 22:26:28.016 21101 21101 F DEBUG   :       #55 pc 00000000003b2788  /data/misc/apexdata/com.android.art/dalvik-cache/arm64/boot.oat (java.lang.Thread.run+72)
08-10 22:26:28.016 21101 21101 F DEBUG   :       #56 pc 00000000002aaf94  /apex/com.android.art/lib64/libart.so (art_quick_invoke_stub+612) (BuildId: cecb684d19b4f44ee3cbd66142c315f4)
08-10 22:26:28.016 21101 21101 F DEBUG   :       #57 pc 00000000002a9268  /apex/com.android.art/lib64/libart.so (art::ArtMethod::Invoke(art::Thread*, unsigned int*, unsigned int, art::JValue*, char const*)+148) (BuildId: cecb684d19b4f44ee3cbd66142c315f4)
08-10 22:26:28.016 21101 21101 F DEBUG   :       #58 pc 00000000004e1a68  /apex/com.android.art/lib64/libart.so (art::Thread::CreateCallback(void*)+1384) (BuildId: cecb684d19b4f44ee3cbd66142c315f4)
08-10 22:26:28.016 21101 21101 F DEBUG   :       #59 pc 00000000000a3ce8  /apex/com.android.runtime/lib64/bionic/libc.so (__pthread_start(void*)+196) (BuildId: 1d6558a3b88dbb195284ac1e713c1e3c)
08-10 22:26:28.016 21101 21101 F DEBUG   :       #60 pc 000000000009614c  /apex/com.android.runtime/lib64/bionic/libc.so (__start_thread+68) (BuildId: 1d6558a3b88dbb195284ac1e713c1e3c)
08-10 22:28:03.770 21108 22880 F libc    : Fatal signal 11 (SIGSEGV), code 1 (SEGV_MAPERR), fault addr 0x93020489040003 in tid 22880 (mqt_v_js), pid 21108 (st.exp.exponent)
08-10 22:28:04.099 22935 22935 F DEBUG   : Process name is host.exp.exponent, uid is 10441, not key_process
08-10 22:28:04.099 22935 22935 F DEBUG   : keyProcess: 0
08-10 22:28:04.099 22935 22935 F DEBUG   : *** *** *** *** *** *** *** *** *** *** *** *** *** *** *** ***
08-10 22:28:04.099 22935 22935 F DEBUG   : Build fingerprint: 'OnePlus/CPH2467/OP5958L1:15/UKQ1.230924.001/T.R4T2.23bdcb2-2f14a-1:user/release-keys'
08-10 22:28:04.099 22935 22935 F DEBUG   : Revision: '0'
08-10 22:28:04.099 22935 22935 F DEBUG   : ABI: 'arm64'
08-10 22:28:04.099 22935 22935 F DEBUG   : Timestamp: 2026-08-10 22:28:03.883586240+0530
08-10 22:28:04.099 22935 22935 F DEBUG   : Process uptime: 96s
08-10 22:28:04.099 22935 22935 F DEBUG   : Cmdline: host.exp.exponent
08-10 22:28:04.099 22935 22935 F DEBUG   : pid: 21108, tid: 22880, name: mqt_v_js  >>> host.exp.exponent <<<
08-10 22:28:04.099 22935 22935 F DEBUG   : uid: 10441
08-10 22:28:04.099 22935 22935 F DEBUG   : signal 11 (SIGSEGV), code 1 (SEGV_MAPERR), fault addr 0x0093020489040003
08-10 22:28:04.099 22935 22935 F DEBUG   :     x0  b4000074d452c040  x1  0193020489040003  x2  0000000000090203  x3  0000000000000000
08-10 22:28:04.099 22935 22935 F DEBUG   :     x4  01930204890d0206  x5  b4000074d45bc243  x6  0000000000000079  x7  000000000000000e
08-10 22:28:04.099 22935 22935 F DEBUG   :     x8  0000000000090211  x9  f21ffdb54b449f2c  x10 00000074d4400040  x11 0000000000000004
08-10 22:28:04.099 22935 22935 F DEBUG   :     x12 0000000000000001  x13 000000000000000d  x14 b26cfe704b4ec03d  x15 00000074d4407bb0
08-10 22:28:04.099 22935 22935 F DEBUG   :     x16 00000076702e7838  x17 00000077daf0dac0  x18 00000076c6fc8000  x19 0000000000090203
08-10 22:28:04.099 22935 22935 F DEBUG   :     x20 b4000074d452c040  x21 0193020489040003  x22 000000000009020f  x23 00000077448ba698
08-10 22:28:04.099 22935 22935 F DEBUG   :     x24 00000077448ba698  x25 0000000000000002  x26 b400007597564370  x27 b40000759d0d0732
08-10 22:28:04.099 22935 22935 F DEBUG   :     x28 000000767eadd518  x29 00000077448ba470
08-10 22:28:04.099 22935 22935 F DEBUG   :     lr  000000767010511c  sp  00000077448ba470  pc  00000077daf0dba0  pst 00000000a0001000
08-10 22:28:04.099 22935 22935 F DEBUG   : 61 total frames
08-10 22:28:04.099 22935 22935 F DEBUG   : backtrace:
08-10 22:28:04.099 22935 22935 F DEBUG   :       #00 pc 000000000008cba0  /apex/com.android.runtime/lib64/bionic/libc.so (__memcpy_aarch64_simd+224) (BuildId: 1d6558a3b88dbb195284ac1e713c1e3c)
08-10 22:28:04.099 22935 22935 F DEBUG   :       #01 pc 00000000000f5118  /data/app/~~cfNxXqddFfEQjkbswQUrrw==/host.exp.exponent-tfT13fULf-NxQmg9wJpadg==/base.apk!libhermesvm.so (offset 0x206c000) (BuildId: 995c7ea8e07bff4da3627dfb9d67fc3f1272bf05)
08-10 22:28:04.099 22935 22935 F DEBUG   :       #02 pc 00000000000f58dc  /data/app/~~cfNxXqddFfEQjkbswQUrrw==/host.exp.exponent-tfT13fULf-NxQmg9wJpadg==/base.apk!libhermesvm.so (offset 0x206c000) (BuildId: 995c7ea8e07bff4da3627dfb9d67fc3f1272bf05)
08-10 22:28:04.099 22935 22935 F DEBUG   :       #03 pc 000000000009891c  /data/app/~~cfNxXqddFfEQjkbswQUrrw==/host.exp.exponent-tfT13fULf-NxQmg9wJpadg==/base.apk!libworklets.so (offset 0x3a80000) (BuildId: 86b6ad38e383ea8e699cfdb1feeedb5559bc5249)
08-10 22:28:04.099 22935 22935 F DEBUG   :       #04 pc 00000000000f81a0  /data/app/~~cfNxXqddFfEQjkbswQUrrw==/host.exp.exponent-tfT13fULf-NxQmg9wJpadg==/base.apk!libhermesvm.so (offset 0x206c000) (BuildId: 995c7ea8e07bff4da3627dfb9d67fc3f1272bf05)
08-10 22:28:04.099 22935 22935 F DEBUG   :       #05 pc 00000000000f7edc  /data/app/~~cfNxXqddFfEQjkbswQUrrw==/host.exp.exponent-tfT13fULf-NxQmg9wJpadg==/base.apk!libhermesvm.so (offset 0x206c000) (BuildId: 995c7ea8e07bff4da3627dfb9d67fc3f1272bf05)
08-10 22:28:04.099 22935 22935 F DEBUG   :       #06 pc 00000000001f1d0c  /data/app/~~cfNxXqddFfEQjkbswQUrrw==/host.exp.exponent-tfT13fULf-NxQmg9wJpadg==/base.apk!libhermesvm.so (offset 0x206c000) (BuildId: 995c7ea8e07bff4da3627dfb9d67fc3f1272bf05)
08-10 22:28:04.099 22935 22935 F DEBUG   :       #07 pc 0000000000206734  /data/app/~~cfNxXqddFfEQjkbswQUrrw==/host.exp.exponent-tfT13fULf-NxQmg9wJpadg==/base.apk!libhermesvm.so (offset 0x206c000) (BuildId: 995c7ea8e07bff4da3627dfb9d67fc3f1272bf05)
08-10 22:28:04.099 22935 22935 F DEBUG   :       #08 pc 0000000000206ebc  /data/app/~~cfNxXqddFfEQjkbswQUrrw==/host.exp.exponent-tfT13fULf-NxQmg9wJpadg==/base.apk!libhermesvm.so (offset 0x206c000) (BuildId: 995c7ea8e07bff4da3627dfb9d67fc3f1272bf05)
08-10 22:28:04.099 22935 22935 F DEBUG   :       #09 pc 0000000000206810  /data/app/~~cfNxXqddFfEQjkbswQUrrw==/host.exp.exponent-tfT13fULf-NxQmg9wJpadg==/base.apk!libhermesvm.so (offset 0x206c000) (BuildId: 995c7ea8e07bff4da3627dfb9d67fc3f1272bf05)
08-10 22:28:04.099 22935 22935 F DEBUG   :       #10 pc 00000000001f1f2c  /data/app/~~cfNxXqddFfEQjkbswQUrrw==/host.exp.exponent-tfT13fULf-NxQmg9wJpadg==/base.apk!libhermesvm.so (offset 0x206c000) (BuildId: 995c7ea8e07bff4da3627dfb9d67fc3f1272bf05)
08-10 22:28:04.099 22935 22935 F DEBUG   :       #11 pc 00000000001f0084  /data/app/~~cfNxXqddFfEQjkbswQUrrw==/host.exp.exponent-tfT13fULf-NxQmg9wJpadg==/base.apk!libhermesvm.so (offset 0x206c000) (BuildId: 995c7ea8e07bff4da3627dfb9d67fc3f1272bf05)
08-10 22:28:04.099 22935 22935 F DEBUG   :       #12 pc 0000000000220bc4  /data/app/~~cfNxXqddFfEQjkbswQUrrw==/host.exp.exponent-tfT13fULf-NxQmg9wJpadg==/base.apk!libhermesvm.so (offset 0x206c000) (BuildId: 995c7ea8e07bff4da3627dfb9d67fc3f1272bf05)
08-10 22:28:04.099 22935 22935 F DEBUG   :       #13 pc 00000000002144dc  /data/app/~~cfNxXqddFfEQjkbswQUrrw==/host.exp.exponent-tfT13fULf-NxQmg9wJpadg==/base.apk!libhermesvm.so (offset 0x206c000) (BuildId: 995c7ea8e07bff4da3627dfb9d67fc3f1272bf05)
08-10 22:28:04.099 22935 22935 F DEBUG   :       #14 pc 0000000000208fcc  /data/app/~~cfNxXqddFfEQjkbswQUrrw==/host.exp.exponent-tfT13fULf-NxQmg9wJpadg==/base.apk!libhermesvm.so (offset 0x206c000) (BuildId: 995c7ea8e07bff4da3627dfb9d67fc3f1272bf05)
08-10 22:28:04.099 22935 22935 F DEBUG   :       #15 pc 0000000000206810  /data/app/~~cfNxXqddFfEQjkbswQUrrw==/host.exp.exponent-tfT13fULf-NxQmg9wJpadg==/base.apk!libhermesvm.so (offset 0x206c000) (BuildId: 995c7ea8e07bff4da3627dfb9d67fc3f1272bf05)
08-10 22:28:04.099 22935 22935 F DEBUG   :       #16 pc 00000000001f1f2c  /data/app/~~cfNxXqddFfEQjkbswQUrrw==/host.exp.exponent-tfT13fULf-NxQmg9wJpadg==/base.apk!libhermesvm.so (offset 0x206c000) (BuildId: 995c7ea8e07bff4da3627dfb9d67fc3f1272bf05)
08-10 22:28:04.099 22935 22935 F DEBUG   :       #17 pc 00000000001f168c  /data/app/~~cfNxXqddFfEQjkbswQUrrw==/host.exp.exponent-tfT13fULf-NxQmg9wJpadg==/base.apk!libhermesvm.so (offset 0x206c000) (BuildId: 995c7ea8e07bff4da3627dfb9d67fc3f1272bf05)
08-10 22:28:04.099 22935 22935 F DEBUG   :       #18 pc 0000000000206748  /data/app/~~cfNxXqddFfEQjkbswQUrrw==/host.exp.exponent-tfT13fULf-NxQmg9wJpadg==/base.apk!libhermesvm.so (offset 0x206c000) (BuildId: 995c7ea8e07bff4da3627dfb9d67fc3f1272bf05)
08-10 22:28:04.099 22935 22935 F DEBUG   :       #19 pc 0000000000206ebc  /data/app/~~cfNxXqddFfEQjkbswQUrrw==/host.exp.exponent-tfT13fULf-NxQmg9wJpadg==/base.apk!libhermesvm.so (offset 0x206c000) (BuildId: 995c7ea8e07bff4da3627dfb9d67fc3f1272bf05)
08-10 22:28:04.099 22935 22935 F DEBUG   :       #20 pc 0000000000206810  /data/app/~~cfNxXqddFfEQjkbswQUrrw==/host.exp.exponent-tfT13fULf-NxQmg9wJpadg==/base.apk!libhermesvm.so (offset 0x206c000) (BuildId: 995c7ea8e07bff4da3627dfb9d67fc3f1272bf05)
08-10 22:28:04.099 22935 22935 F DEBUG   :       #21 pc 00000000001f1f2c  /data/app/~~cfNxXqddFfEQjkbswQUrrw==/host.exp.exponent-tfT13fULf-NxQmg9wJpadg==/base.apk!libhermesvm.so (offset 0x206c000) (BuildId: 995c7ea8e07bff4da3627dfb9d67fc3f1272bf05)
08-10 22:28:04.099 22935 22935 F DEBUG   :       #22 pc 00000000001f168c  /data/app/~~cfNxXqddFfEQjkbswQUrrw==/host.exp.exponent-tfT13fULf-NxQmg9wJpadg==/base.apk!libhermesvm.so (offset 0x206c000) (BuildId: 995c7ea8e07bff4da3627dfb9d67fc3f1272bf05)
08-10 22:28:04.099 22935 22935 F DEBUG   :       #23 pc 00000000000efb08  /data/app/~~cfNxXqddFfEQjkbswQUrrw==/host.exp.exponent-tfT13fULf-NxQmg9wJpadg==/base.apk!libhermesvm.so (offset 0x206c000) (BuildId: 995c7ea8e07bff4da3627dfb9d67fc3f1272bf05)
08-10 22:28:04.099 22935 22935 F DEBUG   :       #24 pc 000000000037ff7c  /data/app/~~cfNxXqddFfEQjkbswQUrrw==/host.exp.exponent-tfT13fULf-NxQmg9wJpadg==/base.apk!libreactnative.so (offset 0x26f8000) (BuildId: 0ddb33254da2ff342e6c5e0a11334eae2254fc2e)
08-10 22:28:04.099 22935 22935 F DEBUG   :       #25 pc 00000000000f81a0  /data/app/~~cfNxXqddFfEQjkbswQUrrw==/host.exp.exponent-tfT13fULf-NxQmg9wJpadg==/base.apk!libhermesvm.so (offset 0x206c000) (BuildId: 995c7ea8e07bff4da3627dfb9d67fc3f1272bf05)
08-10 22:28:04.099 22935 22935 F DEBUG   :       #26 pc 00000000000f7edc  /data/app/~~cfNxXqddFfEQjkbswQUrrw==/host.exp.exponent-tfT13fULf-NxQmg9wJpadg==/base.apk!libhermesvm.so (offset 0x206c000) (BuildId: 995c7ea8e07bff4da3627dfb9d67fc3f1272bf05)
08-10 22:28:04.099 22935 22935 F DEBUG   :       #27 pc 00000000001f1d0c  /data/app/~~cfNxXqddFfEQjkbswQUrrw==/host.exp.exponent-tfT13fULf-NxQmg9wJpadg==/base.apk!libhermesvm.so (offset 0x206c000) (BuildId: 995c7ea8e07bff4da3627dfb9d67fc3f1272bf05)
08-10 22:28:04.099 22935 22935 F DEBUG   :       #28 pc 0000000000206734  /data/app/~~cfNxXqddFfEQjkbswQUrrw==/host.exp.exponent-tfT13fULf-NxQmg9wJpadg==/base.apk!libhermesvm.so (offset 0x206c000) (BuildId: 995c7ea8e07bff4da3627dfb9d67fc3f1272bf05)
08-10 22:28:04.099 22935 22935 F DEBUG   :       #29 pc 0000000000206ebc  /data/app/~~cfNxXqddFfEQjkbswQUrrw==/host.exp.exponent-tfT13fULf-NxQmg9wJpadg==/base.apk!libhermesvm.so (offset 0x206c000) (BuildId: 995c7ea8e07bff4da3627dfb9d67fc3f1272bf05)
08-10 22:28:04.099 22935 22935 F DEBUG   :       #30 pc 0000000000206810  /data/app/~~cfNxXqddFfEQjkbswQUrrw==/host.exp.exponent-tfT13fULf-NxQmg9wJpadg==/base.apk!libhermesvm.so (offset 0x206c000) (BuildId: 995c7ea8e07bff4da3627dfb9d67fc3f1272bf05)
08-10 22:28:04.099 22935 22935 F DEBUG   :       #31 pc 00000000001f1f2c  /data/app/~~cfNxXqddFfEQjkbswQUrrw==/host.exp.exponent-tfT13fULf-NxQmg9wJpadg==/base.apk!libhermesvm.so (offset 0x206c000) (BuildId: 995c7ea8e07bff4da3627dfb9d67fc3f1272bf05)
08-10 22:28:04.099 22935 22935 F DEBUG   :       #32 pc 00000000001f168c  /data/app/~~cfNxXqddFfEQjkbswQUrrw==/host.exp.exponent-tfT13fULf-NxQmg9wJpadg==/base.apk!libhermesvm.so (offset 0x206c000) (BuildId: 995c7ea8e07bff4da3627dfb9d67fc3f1272bf05)
08-10 22:28:04.099 22935 22935 F DEBUG   :       #33 pc 00000000000efb08  /data/app/~~cfNxXqddFfEQjkbswQUrrw==/host.exp.exponent-tfT13fULf-NxQmg9wJpadg==/base.apk!libhermesvm.so (offset 0x206c000) (BuildId: 995c7ea8e07bff4da3627dfb9d67fc3f1272bf05)
08-10 22:28:04.099 22935 22935 F DEBUG   :       #34 pc 000000000050fdac  /data/app/~~cfNxXqddFfEQjkbswQUrrw==/host.exp.exponent-tfT13fULf-NxQmg9wJpadg==/base.apk!libreactnative.so (offset 0x26f8000) (facebook::react::Task::execute(facebook::jsi::Runtime&, bool)+240) (BuildId: 0ddb33254da2ff342e6c5e0a11334eae2254fc2e)
08-10 22:28:04.099 22935 22935 F DEBUG   :       #35 pc 000000000050df84  /data/app/~~cfNxXqddFfEQjkbswQUrrw==/host.exp.exponent-tfT13fULf-NxQmg9wJpadg==/base.apk!libreactnative.so (offset 0x26f8000) (facebook::react::RuntimeScheduler_Modern::executeTask(facebook::jsi::Runtime&, facebook::react::Task&, bool) const+60) (BuildId: 0ddb33254da2ff342e6c5e0a11334eae2254fc2e)
08-10 22:28:04.099 22935 22935 F DEBUG   :       #36 pc 000000000050e894  /data/app/~~cfNxXqddFfEQjkbswQUrrw==/host.exp.exponent-tfT13fULf-NxQmg9wJpadg==/base.apk!libreactnative.so (offset 0x26f8000) (facebook::react::RuntimeScheduler_Modern::runEventLoopTick(facebook::jsi::Runtime&, facebook::react::Task&)+124) (BuildId: 0ddb33254da2ff342e6c5e0a11334eae2254fc2e)
08-10 22:28:04.099 22935 22935 F DEBUG   :       #37 pc 000000000050e5a4  /data/app/~~cfNxXqddFfEQjkbswQUrrw==/host.exp.exponent-tfT13fULf-NxQmg9wJpadg==/base.apk!libreactnative.so (offset 0x26f8000) (facebook::react::RuntimeScheduler_Modern::runEventLoop(facebook::jsi::Runtime&)+88) (BuildId: 0ddb33254da2ff342e6c5e0a11334eae2254fc2e)
08-10 22:28:04.099 22935 22935 F DEBUG   :       #38 pc 00000000002d4020  /data/app/~~cfNxXqddFfEQjkbswQUrrw==/host.exp.exponent-tfT13fULf-NxQmg9wJpadg==/base.apk!libreactnative.so (offset 0x26f8000) (BuildId: 0ddb33254da2ff342e6c5e0a11334eae2254fc2e)
08-10 22:28:04.099 22935 22935 F DEBUG   :       #39 pc 00000000005552f4  /data/app/~~cfNxXqddFfEQjkbswQUrrw==/host.exp.exponent-tfT13fULf-NxQmg9wJpadg==/base.apk!libreactnative.so (offset 0x26f8000) (BuildId: 0ddb33254da2ff342e6c5e0a11334eae2254fc2e)
08-10 22:28:04.099 22935 22935 F DEBUG   :       #40 pc 0000000000017dd0  /data/app/~~cfNxXqddFfEQjkbswQUrrw==/host.exp.exponent-tfT13fULf-NxQmg9wJpadg==/base.apk!libfbjni.so (offset 0x1fc0000) (facebook::jni::detail::MethodWrapper<void (facebook::jni::JNativeRunnable::*)(), &facebook::jni::JNativeRunnable::run(), facebook::jni::JNativeRunnable, void>::dispatch(facebook::jni::alias_ref<facebook::jni::detail::JTypeFor<facebook::jni::HybridClass<facebook::jni::JNativeRunnable, facebook::jni::JRunnable>::JavaPart, facebook::jni::JRunnable, void>::_javaobject*>)+72) (BuildId: e438f6554af1d86b210a05412e96c4251e570157)
08-10 22:28:04.099 22935 22935 F DEBUG   :       #41 pc 0000000000017d10  /data/app/~~cfNxXqddFfEQjkbswQUrrw==/host.exp.exponent-tfT13fULf-NxQmg9wJpadg==/base.apk!libfbjni.so (offset 0x1fc0000) (facebook::jni::detail::FunctionWrapper<void (*)(facebook::jni::alias_ref<facebook::jni::detail::JTypeFor<facebook::jni::HybridClass<facebook::jni::JNativeRunnable, facebook::jni::JRunnable>::JavaPart, facebook::jni::JRunnable, void>::_javaobject*>), facebook::jni::detail::JTypeFor<facebook::jni::HybridClass<facebook::jni::JNativeRunnable, facebook::jni::JRunnable>::JavaPart, facebook::jni::JRunnable, void>::_javaobject*, void>::call(_JNIEnv*, _jobject*, void (*)(facebook::jni::alias_ref<facebook::jni::detail::JTypeFor<facebook::jni::HybridClass<facebook::jni::JNativeRunnable, facebook::jni::JRunnable>::JavaPart, facebook::jni::JRunnable, void>::_javaobject*>))+60) (BuildId: e438f6554af1d86b210a05412e96c4251e570157)
08-10 22:28:04.099 22935 22935 F DEBUG   :       #42 pc 00000000010bda10  /data/misc/apexdata/com.android.art/dalvik-cache/arm64/boot.oat (art_jni_trampoline+112)
08-10 22:28:04.099 22935 22935 F DEBUG   :       #43 pc 0000000000a87aec  /data/misc/apexdata/com.android.art/dalvik-cache/arm64/boot.oat (android.os.Handler.handleCallback+716)
08-10 22:28:04.100 22935 22935 F DEBUG   :       #44 pc 0000000000a87b60  /data/misc/apexdata/com.android.art/dalvik-cache/arm64/boot.oat (android.os.Handler.dispatchMessage+64)
08-10 22:28:04.100 22935 22935 F DEBUG   :       #45 pc 000000000072b8dc  /apex/com.android.art/lib64/libart.so (nterp_helper+2124) (BuildId: cecb684d19b4f44ee3cbd66142c315f4)
08-10 22:28:04.100 22935 22935 F DEBUG   :       #46 pc 000000000109603c  /data/app/~~cfNxXqddFfEQjkbswQUrrw==/host.exp.exponent-tfT13fULf-NxQmg9wJpadg==/oat/arm64/base.vdex (com.facebook.react.bridge.queue.MessageQueueThreadHandler.dispatchMessage+16)
08-10 22:28:04.100 22935 22935 F DEBUG   :       #47 pc 0000000000a8e950  /data/misc/apexdata/com.android.art/dalvik-cache/arm64/boot.oat (android.os.Looper.loopOnce+1296)
08-10 22:28:04.100 22935 22935 F DEBUG   :       #48 pc 0000000000a8e39c  /data/misc/apexdata/com.android.art/dalvik-cache/arm64/boot.oat (android.os.Looper.loop+780)
08-10 22:28:04.100 22935 22935 F DEBUG   :       #49 pc 000000000072b104  /apex/com.android.art/lib64/libart.so (nterp_helper+116) (BuildId: cecb684d19b4f44ee3cbd66142c315f4)
08-10 22:28:04.100 22935 22935 F DEBUG   :       #50 pc 00000000010962ea  /data/app/~~cfNxXqddFfEQjkbswQUrrw==/host.exp.exponent-tfT13fULf-NxQmg9wJpadg==/oat/arm64/base.vdex (com.facebook.react.bridge.queue.MessageQueueThreadImpl$Companion.startNewBackgroundThread$lambda$0+34)
08-10 22:28:04.100 22935 22935 F DEBUG   :       #51 pc 000000000072b104  /apex/com.android.art/lib64/libart.so (nterp_helper+116) (BuildId: cecb684d19b4f44ee3cbd66142c315f4)
08-10 22:28:04.100 22935 22935 F DEBUG   :       #52 pc 0000000001096286  /data/app/~~cfNxXqddFfEQjkbswQUrrw==/host.exp.exponent-tfT13fULf-NxQmg9wJpadg==/oat/arm64/base.vdex (com.facebook.react.bridge.queue.MessageQueueThreadImpl$Companion.a+6)
08-10 22:28:04.100 22935 22935 F DEBUG   :       #53 pc 000000000072b104  /apex/com.android.art/lib64/libart.so (nterp_helper+116) (BuildId: cecb684d19b4f44ee3cbd66142c315f4)
08-10 22:28:04.100 22935 22935 F DEBUG   :       #54 pc 00000000010960d2  /data/app/~~cfNxXqddFfEQjkbswQUrrw==/host.exp.exponent-tfT13fULf-NxQmg9wJpadg==/oat/arm64/base.vdex (com.facebook.react.bridge.queue.b.run+10)
08-10 22:28:04.100 22935 22935 F DEBUG   :       #55 pc 00000000003b2788  /data/misc/apexdata/com.android.art/dalvik-cache/arm64/boot.oat (java.lang.Thread.run+72)
08-10 22:28:04.100 22935 22935 F DEBUG   :       #56 pc 00000000002aaf94  /apex/com.android.art/lib64/libart.so (art_quick_invoke_stub+612) (BuildId: cecb684d19b4f44ee3cbd66142c315f4)
08-10 22:28:04.100 22935 22935 F DEBUG   :       #57 pc 00000000002a9268  /apex/com.android.art/lib64/libart.so (art::ArtMethod::Invoke(art::Thread*, unsigned int*, unsigned int, art::JValue*, char const*)+148) (BuildId: cecb684d19b4f44ee3cbd66142c315f4)
08-10 22:28:04.100 22935 22935 F DEBUG   :       #58 pc 00000000004e1a68  /apex/com.android.art/lib64/libart.so (art::Thread::CreateCallback(void*)+1384) (BuildId: cecb684d19b4f44ee3cbd66142c315f4)
08-10 22:28:04.100 22935 22935 F DEBUG   :       #59 pc 00000000000a3ce8  /apex/com.android.runtime/lib64/bionic/libc.so (__pthread_start(void*)+196) (BuildId: 1d6558a3b88dbb195284ac1e713c1e3c)
08-10 22:28:04.100 22935 22935 F DEBUG   :       #60 pc 000000000009614c  /apex/com.android.runtime/lib64/bionic/libc.so (__start_thread+68) (BuildId: 1d6558a3b88dbb195284ac1e713c1e3c)
08-10 22:29:08.235 22945 23379 F libc    : Fatal signal 11 (SIGSEGV), code 1 (SEGV_MAPERR), fault addr 0x93020489040003 in tid 23379 (mqt_v_js), pid 22945 (st.exp.exponent)
08-10 22:29:08.586 23412 23412 F DEBUG   : Process name is host.exp.exponent, uid is 10441, not key_process
08-10 22:29:08.586 23412 23412 F DEBUG   : keyProcess: 0
08-10 22:29:08.586 23412 23412 F DEBUG   : *** *** *** *** *** *** *** *** *** *** *** *** *** *** *** ***
08-10 22:29:08.586 23412 23412 F DEBUG   : Build fingerprint: 'OnePlus/CPH2467/OP5958L1:15/UKQ1.230924.001/T.R4T2.23bdcb2-2f14a-1:user/release-keys'
08-10 22:29:08.586 23412 23412 F DEBUG   : Revision: '0'
08-10 22:29:08.586 23412 23412 F DEBUG   : ABI: 'arm64'
08-10 22:29:08.586 23412 23412 F DEBUG   : Timestamp: 2026-08-10 22:29:08.378339862+0530
08-10 22:29:08.586 23412 23412 F DEBUG   : Process uptime: 65s
08-10 22:29:08.586 23412 23412 F DEBUG   : Cmdline: host.exp.exponent
08-10 22:29:08.586 23412 23412 F DEBUG   : pid: 22945, tid: 23379, name: mqt_v_js  >>> host.exp.exponent <<<
08-10 22:29:08.586 23412 23412 F DEBUG   : uid: 10441
08-10 22:29:08.586 23412 23412 F DEBUG   : signal 11 (SIGSEGV), code 1 (SEGV_MAPERR), fault addr 0x0093020489040003
08-10 22:29:08.586 23412 23412 F DEBUG   :     x0  b4000074ce00d7c0  x1  0193020489040003  x2  0000000000090203  x3  0000000000000000
08-10 22:29:08.586 23412 23412 F DEBUG   :     x4  01930204890d0206  x5  b4000074ce09d9c3  x6  0000000000000000  x7  0000000000200000
08-10 22:29:08.586 23412 23412 F DEBUG   :     x8  0000000000090211  x9  8eab90b0ee69dc47  x10 00000074ce0007c0  x11 0000000000000004
08-10 22:29:08.586 23412 23412 F DEBUG   :     x12 000000000000001f  x13 000000000000000d  x14 b26cfe7044fcd7bd  x15 0000000000000001
08-10 22:29:08.586 23412 23412 F DEBUG   :     x16 00000076654e7838  x17 00000077daf0dac0  x18 0000007699b54000  x19 0000000000090203
08-10 22:29:08.586 23412 23412 F DEBUG   :     x20 b4000074ce00d7c0  x21 0193020489040003  x22 000000000009020f  x23 000000772f524788
08-10 22:29:08.586 23412 23412 F DEBUG   :     x24 000000772f524788  x25 0000000000000002  x26 b4000075913281d0  x27 b400007591338c72
08-10 22:29:08.586 23412 23412 F DEBUG   :     x28 00000076cc932718  x29 000000772f524560
08-10 22:29:08.586 23412 23412 F DEBUG   :     lr  000000766530511c  sp  000000772f524560  pc  00000077daf0dba0  pst 00000000a0001000
08-10 22:29:08.586 23412 23412 F DEBUG   : 61 total frames
08-10 22:29:08.586 23412 23412 F DEBUG   : backtrace:
08-10 22:29:08.586 23412 23412 F DEBUG   :       #00 pc 000000000008cba0  /apex/com.android.runtime/lib64/bionic/libc.so (__memcpy_aarch64_simd+224) (BuildId: 1d6558a3b88dbb195284ac1e713c1e3c)
08-10 22:29:08.586 23412 23412 F DEBUG   :       #01 pc 00000000000f5118  /data/app/~~cfNxXqddFfEQjkbswQUrrw==/host.exp.exponent-tfT13fULf-NxQmg9wJpadg==/base.apk!libhermesvm.so (offset 0x206c000) (BuildId: 995c7ea8e07bff4da3627dfb9d67fc3f1272bf05)
08-10 22:29:08.586 23412 23412 F DEBUG   :       #02 pc 00000000000f58dc  /data/app/~~cfNxXqddFfEQjkbswQUrrw==/host.exp.exponent-tfT13fULf-NxQmg9wJpadg==/base.apk!libhermesvm.so (offset 0x206c000) (BuildId: 995c7ea8e07bff4da3627dfb9d67fc3f1272bf05)
08-10 22:29:08.586 23412 23412 F DEBUG   :       #03 pc 000000000009891c  /data/app/~~cfNxXqddFfEQjkbswQUrrw==/host.exp.exponent-tfT13fULf-NxQmg9wJpadg==/base.apk!libworklets.so (offset 0x3a80000) (BuildId: 86b6ad38e383ea8e699cfdb1feeedb5559bc5249)
08-10 22:29:08.586 23412 23412 F DEBUG   :       #04 pc 00000000000f81a0  /data/app/~~cfNxXqddFfEQjkbswQUrrw==/host.exp.exponent-tfT13fULf-NxQmg9wJpadg==/base.apk!libhermesvm.so (offset 0x206c000) (BuildId: 995c7ea8e07bff4da3627dfb9d67fc3f1272bf05)
08-10 22:29:08.586 23412 23412 F DEBUG   :       #05 pc 00000000000f7edc  /data/app/~~cfNxXqddFfEQjkbswQUrrw==/host.exp.exponent-tfT13fULf-NxQmg9wJpadg==/base.apk!libhermesvm.so (offset 0x206c000) (BuildId: 995c7ea8e07bff4da3627dfb9d67fc3f1272bf05)
08-10 22:29:08.586 23412 23412 F DEBUG   :       #06 pc 00000000001f1d0c  /data/app/~~cfNxXqddFfEQjkbswQUrrw==/host.exp.exponent-tfT13fULf-NxQmg9wJpadg==/base.apk!libhermesvm.so (offset 0x206c000) (BuildId: 995c7ea8e07bff4da3627dfb9d67fc3f1272bf05)
08-10 22:29:08.586 23412 23412 F DEBUG   :       #07 pc 0000000000206734  /data/app/~~cfNxXqddFfEQjkbswQUrrw==/host.exp.exponent-tfT13fULf-NxQmg9wJpadg==/base.apk!libhermesvm.so (offset 0x206c000) (BuildId: 995c7ea8e07bff4da3627dfb9d67fc3f1272bf05)
08-10 22:29:08.586 23412 23412 F DEBUG   :       #08 pc 0000000000206ebc  /data/app/~~cfNxXqddFfEQjkbswQUrrw==/host.exp.exponent-tfT13fULf-NxQmg9wJpadg==/base.apk!libhermesvm.so (offset 0x206c000) (BuildId: 995c7ea8e07bff4da3627dfb9d67fc3f1272bf05)
08-10 22:29:08.586 23412 23412 F DEBUG   :       #09 pc 0000000000206810  /data/app/~~cfNxXqddFfEQjkbswQUrrw==/host.exp.exponent-tfT13fULf-NxQmg9wJpadg==/base.apk!libhermesvm.so (offset 0x206c000) (BuildId: 995c7ea8e07bff4da3627dfb9d67fc3f1272bf05)
08-10 22:29:08.586 23412 23412 F DEBUG   :       #10 pc 00000000001f1f2c  /data/app/~~cfNxXqddFfEQjkbswQUrrw==/host.exp.exponent-tfT13fULf-NxQmg9wJpadg==/base.apk!libhermesvm.so (offset 0x206c000) (BuildId: 995c7ea8e07bff4da3627dfb9d67fc3f1272bf05)
08-10 22:29:08.586 23412 23412 F DEBUG   :       #11 pc 00000000001f0084  /data/app/~~cfNxXqddFfEQjkbswQUrrw==/host.exp.exponent-tfT13fULf-NxQmg9wJpadg==/base.apk!libhermesvm.so (offset 0x206c000) (BuildId: 995c7ea8e07bff4da3627dfb9d67fc3f1272bf05)
08-10 22:29:08.586 23412 23412 F DEBUG   :       #12 pc 0000000000220bc4  /data/app/~~cfNxXqddFfEQjkbswQUrrw==/host.exp.exponent-tfT13fULf-NxQmg9wJpadg==/base.apk!libhermesvm.so (offset 0x206c000) (BuildId: 995c7ea8e07bff4da3627dfb9d67fc3f1272bf05)
08-10 22:29:08.586 23412 23412 F DEBUG   :       #13 pc 00000000002144dc  /data/app/~~cfNxXqddFfEQjkbswQUrrw==/host.exp.exponent-tfT13fULf-NxQmg9wJpadg==/base.apk!libhermesvm.so (offset 0x206c000) (BuildId: 995c7ea8e07bff4da3627dfb9d67fc3f1272bf05)
08-10 22:29:08.586 23412 23412 F DEBUG   :       #14 pc 0000000000208fcc  /data/app/~~cfNxXqddFfEQjkbswQUrrw==/host.exp.exponent-tfT13fULf-NxQmg9wJpadg==/base.apk!libhermesvm.so (offset 0x206c000) (BuildId: 995c7ea8e07bff4da3627dfb9d67fc3f1272bf05)
08-10 22:29:08.586 23412 23412 F DEBUG   :       #15 pc 0000000000206810  /data/app/~~cfNxXqddFfEQjkbswQUrrw==/host.exp.exponent-tfT13fULf-NxQmg9wJpadg==/base.apk!libhermesvm.so (offset 0x206c000) (BuildId: 995c7ea8e07bff4da3627dfb9d67fc3f1272bf05)
08-10 22:29:08.586 23412 23412 F DEBUG   :       #16 pc 00000000001f1f2c  /data/app/~~cfNxXqddFfEQjkbswQUrrw==/host.exp.exponent-tfT13fULf-NxQmg9wJpadg==/base.apk!libhermesvm.so (offset 0x206c000) (BuildId: 995c7ea8e07bff4da3627dfb9d67fc3f1272bf05)
08-10 22:29:08.586 23412 23412 F DEBUG   :       #17 pc 00000000001f168c  /data/app/~~cfNxXqddFfEQjkbswQUrrw==/host.exp.exponent-tfT13fULf-NxQmg9wJpadg==/base.apk!libhermesvm.so (offset 0x206c000) (BuildId: 995c7ea8e07bff4da3627dfb9d67fc3f1272bf05)
08-10 22:29:08.586 23412 23412 F DEBUG   :       #18 pc 0000000000206748  /data/app/~~cfNxXqddFfEQjkbswQUrrw==/host.exp.exponent-tfT13fULf-NxQmg9wJpadg==/base.apk!libhermesvm.so (offset 0x206c000) (BuildId: 995c7ea8e07bff4da3627dfb9d67fc3f1272bf05)
08-10 22:29:08.586 23412 23412 F DEBUG   :       #19 pc 0000000000206ebc  /data/app/~~cfNxXqddFfEQjkbswQUrrw==/host.exp.exponent-tfT13fULf-NxQmg9wJpadg==/base.apk!libhermesvm.so (offset 0x206c000) (BuildId: 995c7ea8e07bff4da3627dfb9d67fc3f1272bf05)
08-10 22:29:08.586 23412 23412 F DEBUG   :       #20 pc 0000000000206810  /data/app/~~cfNxXqddFfEQjkbswQUrrw==/host.exp.exponent-tfT13fULf-NxQmg9wJpadg==/base.apk!libhermesvm.so (offset 0x206c000) (BuildId: 995c7ea8e07bff4da3627dfb9d67fc3f1272bf05)
08-10 22:29:08.586 23412 23412 F DEBUG   :       #21 pc 00000000001f1f2c  /data/app/~~cfNxXqddFfEQjkbswQUrrw==/host.exp.exponent-tfT13fULf-NxQmg9wJpadg==/base.apk!libhermesvm.so (offset 0x206c000) (BuildId: 995c7ea8e07bff4da3627dfb9d67fc3f1272bf05)
08-10 22:29:08.586 23412 23412 F DEBUG   :       #22 pc 00000000001f168c  /data/app/~~cfNxXqddFfEQjkbswQUrrw==/host.exp.exponent-tfT13fULf-NxQmg9wJpadg==/base.apk!libhermesvm.so (offset 0x206c000) (BuildId: 995c7ea8e07bff4da3627dfb9d67fc3f1272bf05)
08-10 22:29:08.586 23412 23412 F DEBUG   :       #23 pc 00000000000efb08  /data/app/~~cfNxXqddFfEQjkbswQUrrw==/host.exp.exponent-tfT13fULf-NxQmg9wJpadg==/base.apk!libhermesvm.so (offset 0x206c000) (BuildId: 995c7ea8e07bff4da3627dfb9d67fc3f1272bf05)
08-10 22:29:08.586 23412 23412 F DEBUG   :       #24 pc 000000000037ff7c  /data/app/~~cfNxXqddFfEQjkbswQUrrw==/host.exp.exponent-tfT13fULf-NxQmg9wJpadg==/base.apk!libreactnative.so (offset 0x26f8000) (BuildId: 0ddb33254da2ff342e6c5e0a11334eae2254fc2e)
08-10 22:29:08.586 23412 23412 F DEBUG   :       #25 pc 00000000000f81a0  /data/app/~~cfNxXqddFfEQjkbswQUrrw==/host.exp.exponent-tfT13fULf-NxQmg9wJpadg==/base.apk!libhermesvm.so (offset 0x206c000) (BuildId: 995c7ea8e07bff4da3627dfb9d67fc3f1272bf05)
08-10 22:29:08.586 23412 23412 F DEBUG   :       #26 pc 00000000000f7edc  /data/app/~~cfNxXqddFfEQjkbswQUrrw==/host.exp.exponent-tfT13fULf-NxQmg9wJpadg==/base.apk!libhermesvm.so (offset 0x206c000) (BuildId: 995c7ea8e07bff4da3627dfb9d67fc3f1272bf05)
08-10 22:29:08.586 23412 23412 F DEBUG   :       #27 pc 00000000001f1d0c  /data/app/~~cfNxXqddFfEQjkbswQUrrw==/host.exp.exponent-tfT13fULf-NxQmg9wJpadg==/base.apk!libhermesvm.so (offset 0x206c000) (BuildId: 995c7ea8e07bff4da3627dfb9d67fc3f1272bf05)
08-10 22:29:08.586 23412 23412 F DEBUG   :       #28 pc 0000000000206734  /data/app/~~cfNxXqddFfEQjkbswQUrrw==/host.exp.exponent-tfT13fULf-NxQmg9wJpadg==/base.apk!libhermesvm.so (offset 0x206c000) (BuildId: 995c7ea8e07bff4da3627dfb9d67fc3f1272bf05)
08-10 22:29:08.586 23412 23412 F DEBUG   :       #29 pc 0000000000206ebc  /data/app/~~cfNxXqddFfEQjkbswQUrrw==/host.exp.exponent-tfT13fULf-NxQmg9wJpadg==/base.apk!libhermesvm.so (offset 0x206c000) (BuildId: 995c7ea8e07bff4da3627dfb9d67fc3f1272bf05)
08-10 22:29:08.586 23412 23412 F DEBUG   :       #30 pc 0000000000206810  /data/app/~~cfNxXqddFfEQjkbswQUrrw==/host.exp.exponent-tfT13fULf-NxQmg9wJpadg==/base.apk!libhermesvm.so (offset 0x206c000) (BuildId: 995c7ea8e07bff4da3627dfb9d67fc3f1272bf05)
08-10 22:29:08.586 23412 23412 F DEBUG   :       #31 pc 00000000001f1f2c  /data/app/~~cfNxXqddFfEQjkbswQUrrw==/host.exp.exponent-tfT13fULf-NxQmg9wJpadg==/base.apk!libhermesvm.so (offset 0x206c000) (BuildId: 995c7ea8e07bff4da3627dfb9d67fc3f1272bf05)
08-10 22:29:08.586 23412 23412 F DEBUG   :       #32 pc 00000000001f0084  /data/app/~~cfNxXqddFfEQjkbswQUrrw==/host.exp.exponent-tfT13fULf-NxQmg9wJpadg==/base.apk!libhermesvm.so (offset 0x206c000) (BuildId: 995c7ea8e07bff4da3627dfb9d67fc3f1272bf05)
08-10 22:29:08.586 23412 23412 F DEBUG   :       #33 pc 00000000002425f0  /data/app/~~cfNxXqddFfEQjkbswQUrrw==/host.exp.exponent-tfT13fULf-NxQmg9wJpadg==/base.apk!libhermesvm.so (offset 0x206c000) (BuildId: 995c7ea8e07bff4da3627dfb9d67fc3f1272bf05)
08-10 22:29:08.586 23412 23412 F DEBUG   :       #34 pc 00000000000eb510  /data/app/~~cfNxXqddFfEQjkbswQUrrw==/host.exp.exponent-tfT13fULf-NxQmg9wJpadg==/base.apk!libhermesvm.so (offset 0x206c000) (BuildId: 995c7ea8e07bff4da3627dfb9d67fc3f1272bf05)
08-10 22:29:08.586 23412 23412 F DEBUG   :       #35 pc 000000000050e9c8  /data/app/~~cfNxXqddFfEQjkbswQUrrw==/host.exp.exponent-tfT13fULf-NxQmg9wJpadg==/base.apk!libreactnative.so (offset 0x26f8000) (facebook::react::RuntimeScheduler_Modern::performMicrotaskCheckpoint(facebook::jsi::Runtime&)+88) (BuildId: 0ddb33254da2ff342e6c5e0a11334eae2254fc2e)
08-10 22:29:08.586 23412 23412 F DEBUG   :       #36 pc 000000000050e8a0  /data/app/~~cfNxXqddFfEQjkbswQUrrw==/host.exp.exponent-tfT13fULf-NxQmg9wJpadg==/base.apk!libreactnative.so (offset 0x26f8000) (facebook::react::RuntimeScheduler_Modern::runEventLoopTick(facebook::jsi::Runtime&, facebook::react::Task&)+136) (BuildId: 0ddb33254da2ff342e6c5e0a11334eae2254fc2e)
08-10 22:29:08.586 23412 23412 F DEBUG   :       #37 pc 000000000050e5a4  /data/app/~~cfNxXqddFfEQjkbswQUrrw==/host.exp.exponent-tfT13fULf-NxQmg9wJpadg==/base.apk!libreactnative.so (offset 0x26f8000) (facebook::react::RuntimeScheduler_Modern::runEventLoop(facebook::jsi::Runtime&)+88) (BuildId: 0ddb33254da2ff342e6c5e0a11334eae2254fc2e)
08-10 22:29:08.586 23412 23412 F DEBUG   :       #38 pc 00000000002d4020  /data/app/~~cfNxXqddFfEQjkbswQUrrw==/host.exp.exponent-tfT13fULf-NxQmg9wJpadg==/base.apk!libreactnative.so (offset 0x26f8000) (BuildId: 0ddb33254da2ff342e6c5e0a11334eae2254fc2e)
08-10 22:29:08.586 23412 23412 F DEBUG   :       #39 pc 00000000005552f4  /data/app/~~cfNxXqddFfEQjkbswQUrrw==/host.exp.exponent-tfT13fULf-NxQmg9wJpadg==/base.apk!libreactnative.so (offset 0x26f8000) (BuildId: 0ddb33254da2ff342e6c5e0a11334eae2254fc2e)
08-10 22:29:08.586 23412 23412 F DEBUG   :       #40 pc 0000000000017dd0  /data/app/~~cfNxXqddFfEQjkbswQUrrw==/host.exp.exponent-tfT13fULf-NxQmg9wJpadg==/base.apk!libfbjni.so (offset 0x1fc0000) (facebook::jni::detail::MethodWrapper<void (facebook::jni::JNativeRunnable::*)(), &facebook::jni::JNativeRunnable::run(), facebook::jni::JNativeRunnable, void>::dispatch(facebook::jni::alias_ref<facebook::jni::detail::JTypeFor<facebook::jni::HybridClass<facebook::jni::JNativeRunnable, facebook::jni::JRunnable>::JavaPart, facebook::jni::JRunnable, void>::_javaobject*>)+72) (BuildId: e438f6554af1d86b210a05412e96c4251e570157)
08-10 22:29:08.586 23412 23412 F DEBUG   :       #41 pc 0000000000017d10  /data/app/~~cfNxXqddFfEQjkbswQUrrw==/host.exp.exponent-tfT13fULf-NxQmg9wJpadg==/base.apk!libfbjni.so (offset 0x1fc0000) (facebook::jni::detail::FunctionWrapper<void (*)(facebook::jni::alias_ref<facebook::jni::detail::JTypeFor<facebook::jni::HybridClass<facebook::jni::JNativeRunnable, facebook::jni::JRunnable>::JavaPart, facebook::jni::JRunnable, void>::_javaobject*>), facebook::jni::detail::JTypeFor<facebook::jni::HybridClass<facebook::jni::JNativeRunnable, facebook::jni::JRunnable>::JavaPart, facebook::jni::JRunnable, void>::_javaobject*, void>::call(_JNIEnv*, _jobject*, void (*)(facebook::jni::alias_ref<facebook::jni::detail::JTypeFor<facebook::jni::HybridClass<facebook::jni::JNativeRunnable, facebook::jni::JRunnable>::JavaPart, facebook::jni::JRunnable, void>::_javaobject*>))+60) (BuildId: e438f6554af1d86b210a05412e96c4251e570157)
08-10 22:29:08.586 23412 23412 F DEBUG   :       #42 pc 00000000010bda10  /data/misc/apexdata/com.android.art/dalvik-cache/arm64/boot.oat (art_jni_trampoline+112)
08-10 22:29:08.586 23412 23412 F DEBUG   :       #43 pc 0000000000a87aec  /data/misc/apexdata/com.android.art/dalvik-cache/arm64/boot.oat (android.os.Handler.handleCallback+716)
08-10 22:29:08.586 23412 23412 F DEBUG   :       #44 pc 0000000000a87b60  /data/misc/apexdata/com.android.art/dalvik-cache/arm64/boot.oat (android.os.Handler.dispatchMessage+64)
08-10 22:29:08.586 23412 23412 F DEBUG   :       #45 pc 000000000072b8dc  /apex/com.android.art/lib64/libart.so (nterp_helper+2124) (BuildId: cecb684d19b4f44ee3cbd66142c315f4)
08-10 22:29:08.586 23412 23412 F DEBUG   :       #46 pc 000000000109603c  /data/app/~~cfNxXqddFfEQjkbswQUrrw==/host.exp.exponent-tfT13fULf-NxQmg9wJpadg==/oat/arm64/base.vdex (com.facebook.react.bridge.queue.MessageQueueThreadHandler.dispatchMessage+16)
08-10 22:29:08.586 23412 23412 F DEBUG   :       #47 pc 0000000000a8e950  /data/misc/apexdata/com.android.art/dalvik-cache/arm64/boot.oat (android.os.Looper.loopOnce+1296)
08-10 22:29:08.586 23412 23412 F DEBUG   :       #48 pc 0000000000a8e39c  /data/misc/apexdata/com.android.art/dalvik-cache/arm64/boot.oat (android.os.Looper.loop+780)
08-10 22:29:08.586 23412 23412 F DEBUG   :       #49 pc 000000000072b104  /apex/com.android.art/lib64/libart.so (nterp_helper+116) (BuildId: cecb684d19b4f44ee3cbd66142c315f4)
08-10 22:29:08.586 23412 23412 F DEBUG   :       #50 pc 00000000010962ea  /data/app/~~cfNxXqddFfEQjkbswQUrrw==/host.exp.exponent-tfT13fULf-NxQmg9wJpadg==/oat/arm64/base.vdex (com.facebook.react.bridge.queue.MessageQueueThreadImpl$Companion.startNewBackgroundThread$lambda$0+34)
08-10 22:29:08.586 23412 23412 F DEBUG   :       #51 pc 000000000072b104  /apex/com.android.art/lib64/libart.so (nterp_helper+116) (BuildId: cecb684d19b4f44ee3cbd66142c315f4)
08-10 22:29:08.586 23412 23412 F DEBUG   :       #52 pc 0000000001096286  /data/app/~~cfNxXqddFfEQjkbswQUrrw==/host.exp.exponent-tfT13fULf-NxQmg9wJpadg==/oat/arm64/base.vdex (com.facebook.react.bridge.queue.MessageQueueThreadImpl$Companion.a+6)
08-10 22:29:08.586 23412 23412 F DEBUG   :       #53 pc 000000000072b104  /apex/com.android.art/lib64/libart.so (nterp_helper+116) (BuildId: cecb684d19b4f44ee3cbd66142c315f4)
08-10 22:29:08.586 23412 23412 F DEBUG   :       #54 pc 00000000010960d2  /data/app/~~cfNxXqddFfEQjkbswQUrrw==/host.exp.exponent-tfT13fULf-NxQmg9wJpadg==/oat/arm64/base.vdex (com.facebook.react.bridge.queue.b.run+10)
08-10 22:29:08.586 23412 23412 F DEBUG   :       #55 pc 00000000003b2788  /data/misc/apexdata/com.android.art/dalvik-cache/arm64/boot.oat (java.lang.Thread.run+72)
08-10 22:29:08.586 23412 23412 F DEBUG   :       #56 pc 00000000002aaf94  /apex/com.android.art/lib64/libart.so (art_quick_invoke_stub+612) (BuildId: cecb684d19b4f44ee3cbd66142c315f4)
08-10 22:29:08.586 23412 23412 F DEBUG   :       #57 pc 00000000002a9268  /apex/com.android.art/lib64/libart.so (art::ArtMethod::Invoke(art::Thread*, unsigned int*, unsigned int, art::JValue*, char const*)+148) (BuildId: cecb684d19b4f44ee3cbd66142c315f4)
08-10 22:29:08.586 23412 23412 F DEBUG   :       #58 pc 00000000004e1a68  /apex/com.android.art/lib64/libart.so (art::Thread::CreateCallback(void*)+1384) (BuildId: cecb684d19b4f44ee3cbd66142c315f4)
08-10 22:29:08.586 23412 23412 F DEBUG   :       #59 pc 00000000000a3ce8  /apex/com.android.runtime/lib64/bionic/libc.so (__pthread_start(void*)+196) (BuildId: 1d6558a3b88dbb195284ac1e713c1e3c)
08-10 22:29:08.586 23412 23412 F DEBUG   :       #60 pc 000000000009614c  /apex/com.android.runtime/lib64/bionic/libc.so (__start_thread+68) (BuildId: 1d6558a3b88dbb195284ac1e713c1e3c)
08-10 22:29:58.887 23422 23713 F libc    : Fatal signal 11 (SIGSEGV), code 1 (SEGV_MAPERR), fault addr 0x93020489040003 in tid 23713 (mqt_v_js), pid 23422 (st.exp.exponent)
08-10 22:29:59.270 23740 23740 F DEBUG   : Process name is host.exp.exponent, uid is 10441, not key_process
08-10 22:29:59.270 23740 23740 F DEBUG   : keyProcess: 0
08-10 22:29:59.270 23740 23740 F DEBUG   : *** *** *** *** *** *** *** *** *** *** *** *** *** *** *** ***
08-10 22:29:59.270 23740 23740 F DEBUG   : Build fingerprint: 'OnePlus/CPH2467/OP5958L1:15/UKQ1.230924.001/T.R4T2.23bdcb2-2f14a-1:user/release-keys'
08-10 22:29:59.270 23740 23740 F DEBUG   : Revision: '0'
08-10 22:29:59.270 23740 23740 F DEBUG   : ABI: 'arm64'
08-10 22:29:59.270 23740 23740 F DEBUG   : Timestamp: 2026-08-10 22:29:59.063523280+0530
08-10 22:29:59.270 23740 23740 F DEBUG   : Process uptime: 52s
08-10 22:29:59.270 23740 23740 F DEBUG   : Cmdline: host.exp.exponent
08-10 22:29:59.270 23740 23740 F DEBUG   : pid: 23422, tid: 23713, name: mqt_v_js  >>> host.exp.exponent <<<
08-10 22:29:59.270 23740 23740 F DEBUG   : uid: 10441
08-10 22:29:59.270 23740 23740 F DEBUG   : signal 11 (SIGSEGV), code 1 (SEGV_MAPERR), fault addr 0x0093020489040003
08-10 22:29:59.270 23740 23740 F DEBUG   :     x0  b4000074ced2c280  x1  0193020489040003  x2  0000000000090203  x3  0000000000000000
08-10 22:29:59.270 23740 23740 F DEBUG   :     x4  01930204890d0206  x5  b4000074cedbc483  x6  0000000000000076  x7  000000000000000e
08-10 22:29:59.270 23740 23740 F DEBUG   :     x8  0000000000090211  x9  45dee4f01b535cfe  x10 00000074cec00280  x11 0000000000000004
08-10 22:29:59.270 23740 23740 F DEBUG   :     x12 000000000000000a  x13 000000000000000d  x14 b26cfe7045cec27d  x15 00000074cec07bb0
08-10 22:29:59.270 23740 23740 F DEBUG   :     x16 00000076671b8838  x17 00000077daf0dac0  x18 00000076c774c000  x19 0000000000090203
08-10 22:29:59.270 23740 23740 F DEBUG   :     x20 b4000074ced2c280  x21 0193020489040003  x22 000000000009020f  x23 000000772f633698
08-10 22:29:59.270 23740 23740 F DEBUG   :     x24 000000772f633698  x25 0000000000000002  x26 b400007591c1d670  x27 b400007591c20432
08-10 22:29:59.270 23740 23740 F DEBUG   :     x28 00000076cd9f2518  x29 000000772f633470
08-10 22:29:59.270 23740 23740 F DEBUG   :     lr  0000007666fd611c  sp  000000772f633470  pc  00000077daf0dba0  pst 00000000a0001000
08-10 22:29:59.270 23740 23740 F DEBUG   : 61 total frames
08-10 22:29:59.270 23740 23740 F DEBUG   : backtrace:
08-10 22:29:59.270 23740 23740 F DEBUG   :       #00 pc 000000000008cba0  /apex/com.android.runtime/lib64/bionic/libc.so (__memcpy_aarch64_simd+224) (BuildId: 1d6558a3b88dbb195284ac1e713c1e3c)
08-10 22:29:59.270 23740 23740 F DEBUG   :       #01 pc 00000000000f5118  /data/app/~~cfNxXqddFfEQjkbswQUrrw==/host.exp.exponent-tfT13fULf-NxQmg9wJpadg==/base.apk!libhermesvm.so (offset 0x206c000) (BuildId: 995c7ea8e07bff4da3627dfb9d67fc3f1272bf05)
08-10 22:29:59.270 23740 23740 F DEBUG   :       #02 pc 00000000000f58dc  /data/app/~~cfNxXqddFfEQjkbswQUrrw==/host.exp.exponent-tfT13fULf-NxQmg9wJpadg==/base.apk!libhermesvm.so (offset 0x206c000) (BuildId: 995c7ea8e07bff4da3627dfb9d67fc3f1272bf05)
08-10 22:29:59.270 23740 23740 F DEBUG   :       #03 pc 000000000009891c  /data/app/~~cfNxXqddFfEQjkbswQUrrw==/host.exp.exponent-tfT13fULf-NxQmg9wJpadg==/base.apk!libworklets.so (offset 0x3a80000) (BuildId: 86b6ad38e383ea8e699cfdb1feeedb5559bc5249)
08-10 22:29:59.270 23740 23740 F DEBUG   :       #04 pc 00000000000f81a0  /data/app/~~cfNxXqddFfEQjkbswQUrrw==/host.exp.exponent-tfT13fULf-NxQmg9wJpadg==/base.apk!libhermesvm.so (offset 0x206c000) (BuildId: 995c7ea8e07bff4da3627dfb9d67fc3f1272bf05)
08-10 22:29:59.270 23740 23740 F DEBUG   :       #05 pc 00000000000f7edc  /data/app/~~cfNxXqddFfEQjkbswQUrrw==/host.exp.exponent-tfT13fULf-NxQmg9wJpadg==/base.apk!libhermesvm.so (offset 0x206c000) (BuildId: 995c7ea8e07bff4da3627dfb9d67fc3f1272bf05)
08-10 22:29:59.270 23740 23740 F DEBUG   :       #06 pc 00000000001f1d0c  /data/app/~~cfNxXqddFfEQjkbswQUrrw==/host.exp.exponent-tfT13fULf-NxQmg9wJpadg==/base.apk!libhermesvm.so (offset 0x206c000) (BuildId: 995c7ea8e07bff4da3627dfb9d67fc3f1272bf05)
08-10 22:29:59.270 23740 23740 F DEBUG   :       #07 pc 0000000000206734  /data/app/~~cfNxXqddFfEQjkbswQUrrw==/host.exp.exponent-tfT13fULf-NxQmg9wJpadg==/base.apk!libhermesvm.so (offset 0x206c000) (BuildId: 995c7ea8e07bff4da3627dfb9d67fc3f1272bf05)
08-10 22:29:59.270 23740 23740 F DEBUG   :       #08 pc 0000000000206ebc  /data/app/~~cfNxXqddFfEQjkbswQUrrw==/host.exp.exponent-tfT13fULf-NxQmg9wJpadg==/base.apk!libhermesvm.so (offset 0x206c000) (BuildId: 995c7ea8e07bff4da3627dfb9d67fc3f1272bf05)
08-10 22:29:59.270 23740 23740 F DEBUG   :       #09 pc 0000000000206810  /data/app/~~cfNxXqddFfEQjkbswQUrrw==/host.exp.exponent-tfT13fULf-NxQmg9wJpadg==/base.apk!libhermesvm.so (offset 0x206c000) (BuildId: 995c7ea8e07bff4da3627dfb9d67fc3f1272bf05)
08-10 22:29:59.270 23740 23740 F DEBUG   :       #10 pc 00000000001f1f2c  /data/app/~~cfNxXqddFfEQjkbswQUrrw==/host.exp.exponent-tfT13fULf-NxQmg9wJpadg==/base.apk!libhermesvm.so (offset 0x206c000) (BuildId: 995c7ea8e07bff4da3627dfb9d67fc3f1272bf05)
08-10 22:29:59.270 23740 23740 F DEBUG   :       #11 pc 00000000001f0084  /data/app/~~cfNxXqddFfEQjkbswQUrrw==/host.exp.exponent-tfT13fULf-NxQmg9wJpadg==/base.apk!libhermesvm.so (offset 0x206c000) (BuildId: 995c7ea8e07bff4da3627dfb9d67fc3f1272bf05)
08-10 22:29:59.270 23740 23740 F DEBUG   :       #12 pc 0000000000220bc4  /data/app/~~cfNxXqddFfEQjkbswQUrrw==/host.exp.exponent-tfT13fULf-NxQmg9wJpadg==/base.apk!libhermesvm.so (offset 0x206c000) (BuildId: 995c7ea8e07bff4da3627dfb9d67fc3f1272bf05)
08-10 22:29:59.270 23740 23740 F DEBUG   :       #13 pc 00000000002144dc  /data/app/~~cfNxXqddFfEQjkbswQUrrw==/host.exp.exponent-tfT13fULf-NxQmg9wJpadg==/base.apk!libhermesvm.so (offset 0x206c000) (BuildId: 995c7ea8e07bff4da3627dfb9d67fc3f1272bf05)
08-10 22:29:59.270 23740 23740 F DEBUG   :       #14 pc 0000000000208fcc  /data/app/~~cfNxXqddFfEQjkbswQUrrw==/host.exp.exponent-tfT13fULf-NxQmg9wJpadg==/base.apk!libhermesvm.so (offset 0x206c000) (BuildId: 995c7ea8e07bff4da3627dfb9d67fc3f1272bf05)
08-10 22:29:59.270 23740 23740 F DEBUG   :       #15 pc 0000000000206810  /data/app/~~cfNxXqddFfEQjkbswQUrrw==/host.exp.exponent-tfT13fULf-NxQmg9wJpadg==/base.apk!libhermesvm.so (offset 0x206c000) (BuildId: 995c7ea8e07bff4da3627dfb9d67fc3f1272bf05)
08-10 22:29:59.270 23740 23740 F DEBUG   :       #16 pc 00000000001f1f2c  /data/app/~~cfNxXqddFfEQjkbswQUrrw==/host.exp.exponent-tfT13fULf-NxQmg9wJpadg==/base.apk!libhermesvm.so (offset 0x206c000) (BuildId: 995c7ea8e07bff4da3627dfb9d67fc3f1272bf05)
08-10 22:29:59.270 23740 23740 F DEBUG   :       #17 pc 00000000001f168c  /data/app/~~cfNxXqddFfEQjkbswQUrrw==/host.exp.exponent-tfT13fULf-NxQmg9wJpadg==/base.apk!libhermesvm.so (offset 0x206c000) (BuildId: 995c7ea8e07bff4da3627dfb9d67fc3f1272bf05)
08-10 22:29:59.270 23740 23740 F DEBUG   :       #18 pc 0000000000206748  /data/app/~~cfNxXqddFfEQjkbswQUrrw==/host.exp.exponent-tfT13fULf-NxQmg9wJpadg==/base.apk!libhermesvm.so (offset 0x206c000) (BuildId: 995c7ea8e07bff4da3627dfb9d67fc3f1272bf05)
08-10 22:29:59.270 23740 23740 F DEBUG   :       #19 pc 0000000000206ebc  /data/app/~~cfNxXqddFfEQjkbswQUrrw==/host.exp.exponent-tfT13fULf-NxQmg9wJpadg==/base.apk!libhermesvm.so (offset 0x206c000) (BuildId: 995c7ea8e07bff4da3627dfb9d67fc3f1272bf05)
08-10 22:29:59.270 23740 23740 F DEBUG   :       #20 pc 0000000000206810  /data/app/~~cfNxXqddFfEQjkbswQUrrw==/host.exp.exponent-tfT13fULf-NxQmg9wJpadg==/base.apk!libhermesvm.so (offset 0x206c000) (BuildId: 995c7ea8e07bff4da3627dfb9d67fc3f1272bf05)
08-10 22:29:59.270 23740 23740 F DEBUG   :       #21 pc 00000000001f1f2c  /data/app/~~cfNxXqddFfEQjkbswQUrrw==/host.exp.exponent-tfT13fULf-NxQmg9wJpadg==/base.apk!libhermesvm.so (offset 0x206c000) (BuildId: 995c7ea8e07bff4da3627dfb9d67fc3f1272bf05)
08-10 22:29:59.270 23740 23740 F DEBUG   :       #22 pc 00000000001f168c  /data/app/~~cfNxXqddFfEQjkbswQUrrw==/host.exp.exponent-tfT13fULf-NxQmg9wJpadg==/base.apk!libhermesvm.so (offset 0x206c000) (BuildId: 995c7ea8e07bff4da3627dfb9d67fc3f1272bf05)
08-10 22:29:59.270 23740 23740 F DEBUG   :       #23 pc 00000000000efb08  /data/app/~~cfNxXqddFfEQjkbswQUrrw==/host.exp.exponent-tfT13fULf-NxQmg9wJpadg==/base.apk!libhermesvm.so (offset 0x206c000) (BuildId: 995c7ea8e07bff4da3627dfb9d67fc3f1272bf05)
08-10 22:29:59.270 23740 23740 F DEBUG   :       #24 pc 000000000037ff7c  /data/app/~~cfNxXqddFfEQjkbswQUrrw==/host.exp.exponent-tfT13fULf-NxQmg9wJpadg==/base.apk!libreactnative.so (offset 0x26f8000) (BuildId: 0ddb33254da2ff342e6c5e0a11334eae2254fc2e)
08-10 22:29:59.270 23740 23740 F DEBUG   :       #25 pc 00000000000f81a0  /data/app/~~cfNxXqddFfEQjkbswQUrrw==/host.exp.exponent-tfT13fULf-NxQmg9wJpadg==/base.apk!libhermesvm.so (offset 0x206c000) (BuildId: 995c7ea8e07bff4da3627dfb9d67fc3f1272bf05)
08-10 22:29:59.270 23740 23740 F DEBUG   :       #26 pc 00000000000f7edc  /data/app/~~cfNxXqddFfEQjkbswQUrrw==/host.exp.exponent-tfT13fULf-NxQmg9wJpadg==/base.apk!libhermesvm.so (offset 0x206c000) (BuildId: 995c7ea8e07bff4da3627dfb9d67fc3f1272bf05)
08-10 22:29:59.270 23740 23740 F DEBUG   :       #27 pc 00000000001f1d0c  /data/app/~~cfNxXqddFfEQjkbswQUrrw==/host.exp.exponent-tfT13fULf-NxQmg9wJpadg==/base.apk!libhermesvm.so (offset 0x206c000) (BuildId: 995c7ea8e07bff4da3627dfb9d67fc3f1272bf05)
08-10 22:29:59.270 23740 23740 F DEBUG   :       #28 pc 0000000000206734  /data/app/~~cfNxXqddFfEQjkbswQUrrw==/host.exp.exponent-tfT13fULf-NxQmg9wJpadg==/base.apk!libhermesvm.so (offset 0x206c000) (BuildId: 995c7ea8e07bff4da3627dfb9d67fc3f1272bf05)
08-10 22:29:59.270 23740 23740 F DEBUG   :       #29 pc 0000000000206ebc  /data/app/~~cfNxXqddFfEQjkbswQUrrw==/host.exp.exponent-tfT13fULf-NxQmg9wJpadg==/base.apk!libhermesvm.so (offset 0x206c000) (BuildId: 995c7ea8e07bff4da3627dfb9d67fc3f1272bf05)
08-10 22:29:59.270 23740 23740 F DEBUG   :       #30 pc 0000000000206810  /data/app/~~cfNxXqddFfEQjkbswQUrrw==/host.exp.exponent-tfT13fULf-NxQmg9wJpadg==/base.apk!libhermesvm.so (offset 0x206c000) (BuildId: 995c7ea8e07bff4da3627dfb9d67fc3f1272bf05)
08-10 22:29:59.270 23740 23740 F DEBUG   :       #31 pc 00000000001f1f2c  /data/app/~~cfNxXqddFfEQjkbswQUrrw==/host.exp.exponent-tfT13fULf-NxQmg9wJpadg==/base.apk!libhermesvm.so (offset 0x206c000) (BuildId: 995c7ea8e07bff4da3627dfb9d67fc3f1272bf05)
08-10 22:29:59.270 23740 23740 F DEBUG   :       #32 pc 00000000001f168c  /data/app/~~cfNxXqddFfEQjkbswQUrrw==/host.exp.exponent-tfT13fULf-NxQmg9wJpadg==/base.apk!libhermesvm.so (offset 0x206c000) (BuildId: 995c7ea8e07bff4da3627dfb9d67fc3f1272bf05)
08-10 22:29:59.270 23740 23740 F DEBUG   :       #33 pc 00000000000efb08  /data/app/~~cfNxXqddFfEQjkbswQUrrw==/host.exp.exponent-tfT13fULf-NxQmg9wJpadg==/base.apk!libhermesvm.so (offset 0x206c000) (BuildId: 995c7ea8e07bff4da3627dfb9d67fc3f1272bf05)
08-10 22:29:59.270 23740 23740 F DEBUG   :       #34 pc 000000000050fdac  /data/app/~~cfNxXqddFfEQjkbswQUrrw==/host.exp.exponent-tfT13fULf-NxQmg9wJpadg==/base.apk!libreactnative.so (offset 0x26f8000) (facebook::react::Task::execute(facebook::jsi::Runtime&, bool)+240) (BuildId: 0ddb33254da2ff342e6c5e0a11334eae2254fc2e)
08-10 22:29:59.270 23740 23740 F DEBUG   :       #35 pc 000000000050df84  /data/app/~~cfNxXqddFfEQjkbswQUrrw==/host.exp.exponent-tfT13fULf-NxQmg9wJpadg==/base.apk!libreactnative.so (offset 0x26f8000) (facebook::react::RuntimeScheduler_Modern::executeTask(facebook::jsi::Runtime&, facebook::react::Task&, bool) const+60) (BuildId: 0ddb33254da2ff342e6c5e0a11334eae2254fc2e)
08-10 22:29:59.270 23740 23740 F DEBUG   :       #36 pc 000000000050e894  /data/app/~~cfNxXqddFfEQjkbswQUrrw==/host.exp.exponent-tfT13fULf-NxQmg9wJpadg==/base.apk!libreactnative.so (offset 0x26f8000) (facebook::react::RuntimeScheduler_Modern::runEventLoopTick(facebook::jsi::Runtime&, facebook::react::Task&)+124) (BuildId: 0ddb33254da2ff342e6c5e0a11334eae2254fc2e)
08-10 22:29:59.270 23740 23740 F DEBUG   :       #37 pc 000000000050e5a4  /data/app/~~cfNxXqddFfEQjkbswQUrrw==/host.exp.exponent-tfT13fULf-NxQmg9wJpadg==/base.apk!libreactnative.so (offset 0x26f8000) (facebook::react::RuntimeScheduler_Modern::runEventLoop(facebook::jsi::Runtime&)+88) (BuildId: 0ddb33254da2ff342e6c5e0a11334eae2254fc2e)
08-10 22:29:59.270 23740 23740 F DEBUG   :       #38 pc 00000000002d4020  /data/app/~~cfNxXqddFfEQjkbswQUrrw==/host.exp.exponent-tfT13fULf-NxQmg9wJpadg==/base.apk!libreactnative.so (offset 0x26f8000) (BuildId: 0ddb33254da2ff342e6c5e0a11334eae2254fc2e)
08-10 22:29:59.270 23740 23740 F DEBUG   :       #39 pc 00000000005552f4  /data/app/~~cfNxXqddFfEQjkbswQUrrw==/host.exp.exponent-tfT13fULf-NxQmg9wJpadg==/base.apk!libreactnative.so (offset 0x26f8000) (BuildId: 0ddb33254da2ff342e6c5e0a11334eae2254fc2e)
08-10 22:29:59.270 23740 23740 F DEBUG   :       #40 pc 0000000000017dd0  /data/app/~~cfNxXqddFfEQjkbswQUrrw==/host.exp.exponent-tfT13fULf-NxQmg9wJpadg==/base.apk!libfbjni.so (offset 0x1fc0000) (facebook::jni::detail::MethodWrapper<void (facebook::jni::JNativeRunnable::*)(), &facebook::jni::JNativeRunnable::run(), facebook::jni::JNativeRunnable, void>::dispatch(facebook::jni::alias_ref<facebook::jni::detail::JTypeFor<facebook::jni::HybridClass<facebook::jni::JNativeRunnable, facebook::jni::JRunnable>::JavaPart, facebook::jni::JRunnable, void>::_javaobject*>)+72) (BuildId: e438f6554af1d86b210a05412e96c4251e570157)
08-10 22:29:59.270 23740 23740 F DEBUG   :       #41 pc 0000000000017d10  /data/app/~~cfNxXqddFfEQjkbswQUrrw==/host.exp.exponent-tfT13fULf-NxQmg9wJpadg==/base.apk!libfbjni.so (offset 0x1fc0000) (facebook::jni::detail::FunctionWrapper<void (*)(facebook::jni::alias_ref<facebook::jni::detail::JTypeFor<facebook::jni::HybridClass<facebook::jni::JNativeRunnable, facebook::jni::JRunnable>::JavaPart, facebook::jni::JRunnable, void>::_javaobject*>), facebook::jni::detail::JTypeFor<facebook::jni::HybridClass<facebook::jni::JNativeRunnable, facebook::jni::JRunnable>::JavaPart, facebook::jni::JRunnable, void>::_javaobject*, void>::call(_JNIEnv*, _jobject*, void (*)(facebook::jni::alias_ref<facebook::jni::detail::JTypeFor<facebook::jni::HybridClass<facebook::jni::JNativeRunnable, facebook::jni::JRunnable>::JavaPart, facebook::jni::JRunnable, void>::_javaobject*>))+60) (BuildId: e438f6554af1d86b210a05412e96c4251e570157)
08-10 22:29:59.270 23740 23740 F DEBUG   :       #42 pc 00000000010bda10  /data/misc/apexdata/com.android.art/dalvik-cache/arm64/boot.oat (art_jni_trampoline+112)
08-10 22:29:59.270 23740 23740 F DEBUG   :       #43 pc 0000000000a87aec  /data/misc/apexdata/com.android.art/dalvik-cache/arm64/boot.oat (android.os.Handler.handleCallback+716)
08-10 22:29:59.270 23740 23740 F DEBUG   :       #44 pc 0000000000a87b60  /data/misc/apexdata/com.android.art/dalvik-cache/arm64/boot.oat (android.os.Handler.dispatchMessage+64)
08-10 22:29:59.270 23740 23740 F DEBUG   :       #45 pc 000000000072b8dc  /apex/com.android.art/lib64/libart.so (nterp_helper+2124) (BuildId: cecb684d19b4f44ee3cbd66142c315f4)
08-10 22:29:59.270 23740 23740 F DEBUG   :       #46 pc 000000000109603c  /data/app/~~cfNxXqddFfEQjkbswQUrrw==/host.exp.exponent-tfT13fULf-NxQmg9wJpadg==/oat/arm64/base.vdex (com.facebook.react.bridge.queue.MessageQueueThreadHandler.dispatchMessage+16)
08-10 22:29:59.270 23740 23740 F DEBUG   :       #47 pc 0000000000a8e950  /data/misc/apexdata/com.android.art/dalvik-cache/arm64/boot.oat (android.os.Looper.loopOnce+1296)
08-10 22:29:59.270 23740 23740 F DEBUG   :       #48 pc 0000000000a8e39c  /data/misc/apexdata/com.android.art/dalvik-cache/arm64/boot.oat (android.os.Looper.loop+780)
08-10 22:29:59.270 23740 23740 F DEBUG   :       #49 pc 000000000072b104  /apex/com.android.art/lib64/libart.so (nterp_helper+116) (BuildId: cecb684d19b4f44ee3cbd66142c315f4)
08-10 22:29:59.271 23740 23740 F DEBUG   :       #50 pc 00000000010962ea  /data/app/~~cfNxXqddFfEQjkbswQUrrw==/host.exp.exponent-tfT13fULf-NxQmg9wJpadg==/oat/arm64/base.vdex (com.facebook.react.bridge.queue.MessageQueueThreadImpl$Companion.startNewBackgroundThread$lambda$0+34)
08-10 22:29:59.271 23740 23740 F DEBUG   :       #51 pc 000000000072b104  /apex/com.android.art/lib64/libart.so (nterp_helper+116) (BuildId: cecb684d19b4f44ee3cbd66142c315f4)
08-10 22:29:59.271 23740 23740 F DEBUG   :       #52 pc 0000000001096286  /data/app/~~cfNxXqddFfEQjkbswQUrrw==/host.exp.exponent-tfT13fULf-NxQmg9wJpadg==/oat/arm64/base.vdex (com.facebook.react.bridge.queue.MessageQueueThreadImpl$Companion.a+6)
08-10 22:29:59.271 23740 23740 F DEBUG   :       #53 pc 000000000072b104  /apex/com.android.art/lib64/libart.so (nterp_helper+116) (BuildId: cecb684d19b4f44ee3cbd66142c315f4)
08-10 22:29:59.271 23740 23740 F DEBUG   :       #54 pc 00000000010960d2  /data/app/~~cfNxXqddFfEQjkbswQUrrw==/host.exp.exponent-tfT13fULf-NxQmg9wJpadg==/oat/arm64/base.vdex (com.facebook.react.bridge.queue.b.run+10)
08-10 22:29:59.271 23740 23740 F DEBUG   :       #55 pc 00000000003b2788  /data/misc/apexdata/com.android.art/dalvik-cache/arm64/boot.oat (java.lang.Thread.run+72)
08-10 22:29:59.271 23740 23740 F DEBUG   :       #56 pc 00000000002aaf94  /apex/com.android.art/lib64/libart.so (art_quick_invoke_stub+612) (BuildId: cecb684d19b4f44ee3cbd66142c315f4)
08-10 22:29:59.271 23740 23740 F DEBUG   :       #57 pc 00000000002a9268  /apex/com.android.art/lib64/libart.so (art::ArtMethod::Invoke(art::Thread*, unsigned int*, unsigned int, art::JValue*, char const*)+148) (BuildId: cecb684d19b4f44ee3cbd66142c315f4)
08-10 22:29:59.271 23740 23740 F DEBUG   :       #58 pc 00000000004e1a68  /apex/com.android.art/lib64/libart.so (art::Thread::CreateCallback(void*)+1384) (BuildId: cecb684d19b4f44ee3cbd66142c315f4)
08-10 22:29:59.271 23740 23740 F DEBUG   :       #59 pc 00000000000a3ce8  /apex/com.android.runtime/lib64/bionic/libc.so (__pthread_start(void*)+196) (BuildId: 1d6558a3b88dbb195284ac1e713c1e3c)
08-10 22:29:59.271 23740 23740 F DEBUG   :       #60 pc 000000000009614c  /apex/com.android.runtime/lib64/bionic/libc.so (__start_thread+68) (BuildId: 1d6558a3b88dbb195284ac1e713c1e3c)
08-10 22:31:38.975 23747 24255 F libc    : Fatal signal 11 (SIGSEGV), code 1 (SEGV_MAPERR), fault addr 0x93020489040003 in tid 24255 (mqt_v_js), pid 23747 (st.exp.exponent)
08-10 22:31:39.345 24288 24288 F DEBUG   : Process name is host.exp.exponent, uid is 10441, not key_process
08-10 22:31:39.345 24288 24288 F DEBUG   : keyProcess: 0
08-10 22:31:39.345 24288 24288 F DEBUG   : *** *** *** *** *** *** *** *** *** *** *** *** *** *** *** ***
08-10 22:31:39.345 24288 24288 F DEBUG   : Build fingerprint: 'OnePlus/CPH2467/OP5958L1:15/UKQ1.230924.001/T.R4T2.23bdcb2-2f14a-1:user/release-keys'
08-10 22:31:39.345 24288 24288 F DEBUG   : Revision: '0'
08-10 22:31:39.345 24288 24288 F DEBUG   : ABI: 'arm64'
08-10 22:31:39.345 24288 24288 F DEBUG   : Timestamp: 2026-08-10 22:31:39.118025742+0530
08-10 22:31:39.345 24288 24288 F DEBUG   : Process uptime: 101s
08-10 22:31:39.345 24288 24288 F DEBUG   : Cmdline: host.exp.exponent
08-10 22:31:39.345 24288 24288 F DEBUG   : pid: 23747, tid: 24255, name: mqt_v_js  >>> host.exp.exponent <<<
08-10 22:31:39.345 24288 24288 F DEBUG   : uid: 10441
08-10 22:31:39.345 24288 24288 F DEBUG   : signal 11 (SIGSEGV), code 1 (SEGV_MAPERR), fault addr 0x0093020489040003
08-10 22:31:39.345 24288 24288 F DEBUG   :     x0  b4000074d8944680  x1  0193020489040003  x2  0000000000090203  x3  0000000000000000
08-10 22:31:39.345 24288 24288 F DEBUG   :     x4  01930204890d0206  x5  b4000074d89d4883  x6  0000000000000020  x7  000000000000000e
08-10 22:31:39.345 24288 24288 F DEBUG   :     x8  0000000000090211  x9  64a901927b17fc5a  x10 00000074d8800680  x11 0000000000000000
08-10 22:31:39.345 24288 24288 F DEBUG   :     x12 000000000000001a  x13 000000000000000d  x14 b26cfe704f90467d  x15 00000074d88084b0
08-10 22:31:39.345 24288 24288 F DEBUG   :     x16 0000007671908838  x17 00000077daf0dac0  x18 00000076ce808000  x19 0000000000090203
08-10 22:31:39.345 24288 24288 F DEBUG   :     x20 b4000074d8944680  x21 0193020489040003  x22 000000000009020f  x23 000000772f612788
08-10 22:31:39.345 24288 24288 F DEBUG   :     x24 000000772f612788  x25 0000000000000002  x26 b40000759b84aca0  x27 b40000759bbeb6b2
08-10 22:31:39.345 24288 24288 F DEBUG   :     x28 0000007689905718  x29 000000772f612560
08-10 22:31:39.345 24288 24288 F DEBUG   :     lr  000000767172611c  sp  000000772f612560  pc  00000077daf0dba0  pst 00000000a0001000
08-10 22:31:39.345 24288 24288 F DEBUG   : 61 total frames
08-10 22:31:39.345 24288 24288 F DEBUG   : backtrace:
08-10 22:31:39.345 24288 24288 F DEBUG   :       #00 pc 000000000008cba0  /apex/com.android.runtime/lib64/bionic/libc.so (__memcpy_aarch64_simd+224) (BuildId: 1d6558a3b88dbb195284ac1e713c1e3c)
08-10 22:31:39.345 24288 24288 F DEBUG   :       #01 pc 00000000000f5118  /data/app/~~cfNxXqddFfEQjkbswQUrrw==/host.exp.exponent-tfT13fULf-NxQmg9wJpadg==/base.apk!libhermesvm.so (offset 0x206c000) (BuildId: 995c7ea8e07bff4da3627dfb9d67fc3f1272bf05)
08-10 22:31:39.345 24288 24288 F DEBUG   :       #02 pc 00000000000f58dc  /data/app/~~cfNxXqddFfEQjkbswQUrrw==/host.exp.exponent-tfT13fULf-NxQmg9wJpadg==/base.apk!libhermesvm.so (offset 0x206c000) (BuildId: 995c7ea8e07bff4da3627dfb9d67fc3f1272bf05)
08-10 22:31:39.345 24288 24288 F DEBUG   :       #03 pc 000000000009891c  /data/app/~~cfNxXqddFfEQjkbswQUrrw==/host.exp.exponent-tfT13fULf-NxQmg9wJpadg==/base.apk!libworklets.so (offset 0x3a80000) (BuildId: 86b6ad38e383ea8e699cfdb1feeedb5559bc5249)
08-10 22:31:39.345 24288 24288 F DEBUG   :       #04 pc 00000000000f81a0  /data/app/~~cfNxXqddFfEQjkbswQUrrw==/host.exp.exponent-tfT13fULf-NxQmg9wJpadg==/base.apk!libhermesvm.so (offset 0x206c000) (BuildId: 995c7ea8e07bff4da3627dfb9d67fc3f1272bf05)
08-10 22:31:39.345 24288 24288 F DEBUG   :       #05 pc 00000000000f7edc  /data/app/~~cfNxXqddFfEQjkbswQUrrw==/host.exp.exponent-tfT13fULf-NxQmg9wJpadg==/base.apk!libhermesvm.so (offset 0x206c000) (BuildId: 995c7ea8e07bff4da3627dfb9d67fc3f1272bf05)
08-10 22:31:39.345 24288 24288 F DEBUG   :       #06 pc 00000000001f1d0c  /data/app/~~cfNxXqddFfEQjkbswQUrrw==/host.exp.exponent-tfT13fULf-NxQmg9wJpadg==/base.apk!libhermesvm.so (offset 0x206c000) (BuildId: 995c7ea8e07bff4da3627dfb9d67fc3f1272bf05)
08-10 22:31:39.345 24288 24288 F DEBUG   :       #07 pc 0000000000206734  /data/app/~~cfNxXqddFfEQjkbswQUrrw==/host.exp.exponent-tfT13fULf-NxQmg9wJpadg==/base.apk!libhermesvm.so (offset 0x206c000) (BuildId: 995c7ea8e07bff4da3627dfb9d67fc3f1272bf05)
08-10 22:31:39.345 24288 24288 F DEBUG   :       #08 pc 0000000000206ebc  /data/app/~~cfNxXqddFfEQjkbswQUrrw==/host.exp.exponent-tfT13fULf-NxQmg9wJpadg==/base.apk!libhermesvm.so (offset 0x206c000) (BuildId: 995c7ea8e07bff4da3627dfb9d67fc3f1272bf05)
08-10 22:31:39.345 24288 24288 F DEBUG   :       #09 pc 0000000000206810  /data/app/~~cfNxXqddFfEQjkbswQUrrw==/host.exp.exponent-tfT13fULf-NxQmg9wJpadg==/base.apk!libhermesvm.so (offset 0x206c000) (BuildId: 995c7ea8e07bff4da3627dfb9d67fc3f1272bf05)
08-10 22:31:39.345 24288 24288 F DEBUG   :       #10 pc 00000000001f1f2c  /data/app/~~cfNxXqddFfEQjkbswQUrrw==/host.exp.exponent-tfT13fULf-NxQmg9wJpadg==/base.apk!libhermesvm.so (offset 0x206c000) (BuildId: 995c7ea8e07bff4da3627dfb9d67fc3f1272bf05)
08-10 22:31:39.345 24288 24288 F DEBUG   :       #11 pc 00000000001f0084  /data/app/~~cfNxXqddFfEQjkbswQUrrw==/host.exp.exponent-tfT13fULf-NxQmg9wJpadg==/base.apk!libhermesvm.so (offset 0x206c000) (BuildId: 995c7ea8e07bff4da3627dfb9d67fc3f1272bf05)
08-10 22:31:39.345 24288 24288 F DEBUG   :       #12 pc 0000000000220bc4  /data/app/~~cfNxXqddFfEQjkbswQUrrw==/host.exp.exponent-tfT13fULf-NxQmg9wJpadg==/base.apk!libhermesvm.so (offset 0x206c000) (BuildId: 995c7ea8e07bff4da3627dfb9d67fc3f1272bf05)
08-10 22:31:39.345 24288 24288 F DEBUG   :       #13 pc 00000000002144dc  /data/app/~~cfNxXqddFfEQjkbswQUrrw==/host.exp.exponent-tfT13fULf-NxQmg9wJpadg==/base.apk!libhermesvm.so (offset 0x206c000) (BuildId: 995c7ea8e07bff4da3627dfb9d67fc3f1272bf05)
08-10 22:31:39.345 24288 24288 F DEBUG   :       #14 pc 0000000000208fcc  /data/app/~~cfNxXqddFfEQjkbswQUrrw==/host.exp.exponent-tfT13fULf-NxQmg9wJpadg==/base.apk!libhermesvm.so (offset 0x206c000) (BuildId: 995c7ea8e07bff4da3627dfb9d67fc3f1272bf05)
08-10 22:31:39.345 24288 24288 F DEBUG   :       #15 pc 0000000000206810  /data/app/~~cfNxXqddFfEQjkbswQUrrw==/host.exp.exponent-tfT13fULf-NxQmg9wJpadg==/base.apk!libhermesvm.so (offset 0x206c000) (BuildId: 995c7ea8e07bff4da3627dfb9d67fc3f1272bf05)
08-10 22:31:39.345 24288 24288 F DEBUG   :       #16 pc 00000000001f1f2c  /data/app/~~cfNxXqddFfEQjkbswQUrrw==/host.exp.exponent-tfT13fULf-NxQmg9wJpadg==/base.apk!libhermesvm.so (offset 0x206c000) (BuildId: 995c7ea8e07bff4da3627dfb9d67fc3f1272bf05)
08-10 22:31:39.345 24288 24288 F DEBUG   :       #17 pc 00000000001f168c  /data/app/~~cfNxXqddFfEQjkbswQUrrw==/host.exp.exponent-tfT13fULf-NxQmg9wJpadg==/base.apk!libhermesvm.so (offset 0x206c000) (BuildId: 995c7ea8e07bff4da3627dfb9d67fc3f1272bf05)
08-10 22:31:39.345 24288 24288 F DEBUG   :       #18 pc 0000000000206748  /data/app/~~cfNxXqddFfEQjkbswQUrrw==/host.exp.exponent-tfT13fULf-NxQmg9wJpadg==/base.apk!libhermesvm.so (offset 0x206c000) (BuildId: 995c7ea8e07bff4da3627dfb9d67fc3f1272bf05)
08-10 22:31:39.345 24288 24288 F DEBUG   :       #19 pc 0000000000206ebc  /data/app/~~cfNxXqddFfEQjkbswQUrrw==/host.exp.exponent-tfT13fULf-NxQmg9wJpadg==/base.apk!libhermesvm.so (offset 0x206c000) (BuildId: 995c7ea8e07bff4da3627dfb9d67fc3f1272bf05)
08-10 22:31:39.345 24288 24288 F DEBUG   :       #20 pc 0000000000206810  /data/app/~~cfNxXqddFfEQjkbswQUrrw==/host.exp.exponent-tfT13fULf-NxQmg9wJpadg==/base.apk!libhermesvm.so (offset 0x206c000) (BuildId: 995c7ea8e07bff4da3627dfb9d67fc3f1272bf05)
08-10 22:31:39.345 24288 24288 F DEBUG   :       #21 pc 00000000001f1f2c  /data/app/~~cfNxXqddFfEQjkbswQUrrw==/host.exp.exponent-tfT13fULf-NxQmg9wJpadg==/base.apk!libhermesvm.so (offset 0x206c000) (BuildId: 995c7ea8e07bff4da3627dfb9d67fc3f1272bf05)
08-10 22:31:39.345 24288 24288 F DEBUG   :       #22 pc 00000000001f168c  /data/app/~~cfNxXqddFfEQjkbswQUrrw==/host.exp.exponent-tfT13fULf-NxQmg9wJpadg==/base.apk!libhermesvm.so (offset 0x206c000) (BuildId: 995c7ea8e07bff4da3627dfb9d67fc3f1272bf05)
08-10 22:31:39.345 24288 24288 F DEBUG   :       #23 pc 00000000000efb08  /data/app/~~cfNxXqddFfEQjkbswQUrrw==/host.exp.exponent-tfT13fULf-NxQmg9wJpadg==/base.apk!libhermesvm.so (offset 0x206c000) (BuildId: 995c7ea8e07bff4da3627dfb9d67fc3f1272bf05)
08-10 22:31:39.345 24288 24288 F DEBUG   :       #24 pc 000000000037ff7c  /data/app/~~cfNxXqddFfEQjkbswQUrrw==/host.exp.exponent-tfT13fULf-NxQmg9wJpadg==/base.apk!libreactnative.so (offset 0x26f8000) (BuildId: 0ddb33254da2ff342e6c5e0a11334eae2254fc2e)
08-10 22:31:39.345 24288 24288 F DEBUG   :       #25 pc 00000000000f81a0  /data/app/~~cfNxXqddFfEQjkbswQUrrw==/host.exp.exponent-tfT13fULf-NxQmg9wJpadg==/base.apk!libhermesvm.so (offset 0x206c000) (BuildId: 995c7ea8e07bff4da3627dfb9d67fc3f1272bf05)
08-10 22:31:39.345 24288 24288 F DEBUG   :       #26 pc 00000000000f7edc  /data/app/~~cfNxXqddFfEQjkbswQUrrw==/host.exp.exponent-tfT13fULf-NxQmg9wJpadg==/base.apk!libhermesvm.so (offset 0x206c000) (BuildId: 995c7ea8e07bff4da3627dfb9d67fc3f1272bf05)
08-10 22:31:39.345 24288 24288 F DEBUG   :       #27 pc 00000000001f1d0c  /data/app/~~cfNxXqddFfEQjkbswQUrrw==/host.exp.exponent-tfT13fULf-NxQmg9wJpadg==/base.apk!libhermesvm.so (offset 0x206c000) (BuildId: 995c7ea8e07bff4da3627dfb9d67fc3f1272bf05)
08-10 22:31:39.346 24288 24288 F DEBUG   :       #28 pc 0000000000206734  /data/app/~~cfNxXqddFfEQjkbswQUrrw==/host.exp.exponent-tfT13fULf-NxQmg9wJpadg==/base.apk!libhermesvm.so (offset 0x206c000) (BuildId: 995c7ea8e07bff4da3627dfb9d67fc3f1272bf05)
08-10 22:31:39.346 24288 24288 F DEBUG   :       #29 pc 0000000000206ebc  /data/app/~~cfNxXqddFfEQjkbswQUrrw==/host.exp.exponent-tfT13fULf-NxQmg9wJpadg==/base.apk!libhermesvm.so (offset 0x206c000) (BuildId: 995c7ea8e07bff4da3627dfb9d67fc3f1272bf05)
08-10 22:31:39.346 24288 24288 F DEBUG   :       #30 pc 0000000000206810  /data/app/~~cfNxXqddFfEQjkbswQUrrw==/host.exp.exponent-tfT13fULf-NxQmg9wJpadg==/base.apk!libhermesvm.so (offset 0x206c000) (BuildId: 995c7ea8e07bff4da3627dfb9d67fc3f1272bf05)
08-10 22:31:39.346 24288 24288 F DEBUG   :       #31 pc 00000000001f1f2c  /data/app/~~cfNxXqddFfEQjkbswQUrrw==/host.exp.exponent-tfT13fULf-NxQmg9wJpadg==/base.apk!libhermesvm.so (offset 0x206c000) (BuildId: 995c7ea8e07bff4da3627dfb9d67fc3f1272bf05)
08-10 22:31:39.346 24288 24288 F DEBUG   :       #32 pc 00000000001f0084  /data/app/~~cfNxXqddFfEQjkbswQUrrw==/host.exp.exponent-tfT13fULf-NxQmg9wJpadg==/base.apk!libhermesvm.so (offset 0x206c000) (BuildId: 995c7ea8e07bff4da3627dfb9d67fc3f1272bf05)
08-10 22:31:39.346 24288 24288 F DEBUG   :       #33 pc 00000000002425f0  /data/app/~~cfNxXqddFfEQjkbswQUrrw==/host.exp.exponent-tfT13fULf-NxQmg9wJpadg==/base.apk!libhermesvm.so (offset 0x206c000) (BuildId: 995c7ea8e07bff4da3627dfb9d67fc3f1272bf05)
08-10 22:31:39.346 24288 24288 F DEBUG   :       #34 pc 00000000000eb510  /data/app/~~cfNxXqddFfEQjkbswQUrrw==/host.exp.exponent-tfT13fULf-NxQmg9wJpadg==/base.apk!libhermesvm.so (offset 0x206c000) (BuildId: 995c7ea8e07bff4da3627dfb9d67fc3f1272bf05)
08-10 22:31:39.346 24288 24288 F DEBUG   :       #35 pc 000000000050e9c8  /data/app/~~cfNxXqddFfEQjkbswQUrrw==/host.exp.exponent-tfT13fULf-NxQmg9wJpadg==/base.apk!libreactnative.so (offset 0x26f8000) (facebook::react::RuntimeScheduler_Modern::performMicrotaskCheckpoint(facebook::jsi::Runtime&)+88) (BuildId: 0ddb33254da2ff342e6c5e0a11334eae2254fc2e)
08-10 22:31:39.346 24288 24288 F DEBUG   :       #36 pc 000000000050e8a0  /data/app/~~cfNxXqddFfEQjkbswQUrrw==/host.exp.exponent-tfT13fULf-NxQmg9wJpadg==/base.apk!libreactnative.so (offset 0x26f8000) (facebook::react::RuntimeScheduler_Modern::runEventLoopTick(facebook::jsi::Runtime&, facebook::react::Task&)+136) (BuildId: 0ddb33254da2ff342e6c5e0a11334eae2254fc2e)
08-10 22:31:39.346 24288 24288 F DEBUG   :       #37 pc 000000000050e5a4  /data/app/~~cfNxXqddFfEQjkbswQUrrw==/host.exp.exponent-tfT13fULf-NxQmg9wJpadg==/base.apk!libreactnative.so (offset 0x26f8000) (facebook::react::RuntimeScheduler_Modern::runEventLoop(facebook::jsi::Runtime&)+88) (BuildId: 0ddb33254da2ff342e6c5e0a11334eae2254fc2e)
08-10 22:31:39.346 24288 24288 F DEBUG   :       #38 pc 00000000002d4020  /data/app/~~cfNxXqddFfEQjkbswQUrrw==/host.exp.exponent-tfT13fULf-NxQmg9wJpadg==/base.apk!libreactnative.so (offset 0x26f8000) (BuildId: 0ddb33254da2ff342e6c5e0a11334eae2254fc2e)
08-10 22:31:39.346 24288 24288 F DEBUG   :       #39 pc 00000000005552f4  /data/app/~~cfNxXqddFfEQjkbswQUrrw==/host.exp.exponent-tfT13fULf-NxQmg9wJpadg==/base.apk!libreactnative.so (offset 0x26f8000) (BuildId: 0ddb33254da2ff342e6c5e0a11334eae2254fc2e)
08-10 22:31:39.346 24288 24288 F DEBUG   :       #40 pc 0000000000017dd0  /data/app/~~cfNxXqddFfEQjkbswQUrrw==/host.exp.exponent-tfT13fULf-NxQmg9wJpadg==/base.apk!libfbjni.so (offset 0x1fc0000) (facebook::jni::detail::MethodWrapper<void (facebook::jni::JNativeRunnable::*)(), &facebook::jni::JNativeRunnable::run(), facebook::jni::JNativeRunnable, void>::dispatch(facebook::jni::alias_ref<facebook::jni::detail::JTypeFor<facebook::jni::HybridClass<facebook::jni::JNativeRunnable, facebook::jni::JRunnable>::JavaPart, facebook::jni::JRunnable, void>::_javaobject*>)+72) (BuildId: e438f6554af1d86b210a05412e96c4251e570157)
08-10 22:31:39.346 24288 24288 F DEBUG   :       #41 pc 0000000000017d10  /data/app/~~cfNxXqddFfEQjkbswQUrrw==/host.exp.exponent-tfT13fULf-NxQmg9wJpadg==/base.apk!libfbjni.so (offset 0x1fc0000) (facebook::jni::detail::FunctionWrapper<void (*)(facebook::jni::alias_ref<facebook::jni::detail::JTypeFor<facebook::jni::HybridClass<facebook::jni::JNativeRunnable, facebook::jni::JRunnable>::JavaPart, facebook::jni::JRunnable, void>::_javaobject*>), facebook::jni::detail::JTypeFor<facebook::jni::HybridClass<facebook::jni::JNativeRunnable, facebook::jni::JRunnable>::JavaPart, facebook::jni::JRunnable, void>::_javaobject*, void>::call(_JNIEnv*, _jobject*, void (*)(facebook::jni::alias_ref<facebook::jni::detail::JTypeFor<facebook::jni::HybridClass<facebook::jni::JNativeRunnable, facebook::jni::JRunnable>::JavaPart, facebook::jni::JRunnable, void>::_javaobject*>))+60) (BuildId: e438f6554af1d86b210a05412e96c4251e570157)
08-10 22:31:39.346 24288 24288 F DEBUG   :       #42 pc 00000000010bda10  /data/misc/apexdata/com.android.art/dalvik-cache/arm64/boot.oat (art_jni_trampoline+112)
08-10 22:31:39.346 24288 24288 F DEBUG   :       #43 pc 0000000000a87aec  /data/misc/apexdata/com.android.art/dalvik-cache/arm64/boot.oat (android.os.Handler.handleCallback+716)
08-10 22:31:39.346 24288 24288 F DEBUG   :       #44 pc 0000000000a87b60  /data/misc/apexdata/com.android.art/dalvik-cache/arm64/boot.oat (android.os.Handler.dispatchMessage+64)
08-10 22:31:39.346 24288 24288 F DEBUG   :       #45 pc 000000000072b8dc  /apex/com.android.art/lib64/libart.so (nterp_helper+2124) (BuildId: cecb684d19b4f44ee3cbd66142c315f4)
08-10 22:31:39.346 24288 24288 F DEBUG   :       #46 pc 000000000109603c  /data/app/~~cfNxXqddFfEQjkbswQUrrw==/host.exp.exponent-tfT13fULf-NxQmg9wJpadg==/oat/arm64/base.vdex (com.facebook.react.bridge.queue.MessageQueueThreadHandler.dispatchMessage+16)
08-10 22:31:39.346 24288 24288 F DEBUG   :       #47 pc 0000000000a8e950  /data/misc/apexdata/com.android.art/dalvik-cache/arm64/boot.oat (android.os.Looper.loopOnce+1296)
08-10 22:31:39.346 24288 24288 F DEBUG   :       #48 pc 0000000000a8e39c  /data/misc/apexdata/com.android.art/dalvik-cache/arm64/boot.oat (android.os.Looper.loop+780)
08-10 22:31:39.346 24288 24288 F DEBUG   :       #49 pc 000000000072b104  /apex/com.android.art/lib64/libart.so (nterp_helper+116) (BuildId: cecb684d19b4f44ee3cbd66142c315f4)
08-10 22:31:39.346 24288 24288 F DEBUG   :       #50 pc 00000000010962ea  /data/app/~~cfNxXqddFfEQjkbswQUrrw==/host.exp.exponent-tfT13fULf-NxQmg9wJpadg==/oat/arm64/base.vdex (com.facebook.react.bridge.queue.MessageQueueThreadImpl$Companion.startNewBackgroundThread$lambda$0+34)
08-10 22:31:39.346 24288 24288 F DEBUG   :       #51 pc 000000000072b104  /apex/com.android.art/lib64/libart.so (nterp_helper+116) (BuildId: cecb684d19b4f44ee3cbd66142c315f4)
08-10 22:31:39.346 24288 24288 F DEBUG   :       #52 pc 0000000001096286  /data/app/~~cfNxXqddFfEQjkbswQUrrw==/host.exp.exponent-tfT13fULf-NxQmg9wJpadg==/oat/arm64/base.vdex (com.facebook.react.bridge.queue.MessageQueueThreadImpl$Companion.a+6)
08-10 22:31:39.346 24288 24288 F DEBUG   :       #53 pc 000000000072b104  /apex/com.android.art/lib64/libart.so (nterp_helper+116) (BuildId: cecb684d19b4f44ee3cbd66142c315f4)
08-10 22:31:39.346 24288 24288 F DEBUG   :       #54 pc 00000000010960d2  /data/app/~~cfNxXqddFfEQjkbswQUrrw==/host.exp.exponent-tfT13fULf-NxQmg9wJpadg==/oat/arm64/base.vdex (com.facebook.react.bridge.queue.b.run+10)
08-10 22:31:39.346 24288 24288 F DEBUG   :       #55 pc 00000000003b2788  /data/misc/apexdata/com.android.art/dalvik-cache/arm64/boot.oat (java.lang.Thread.run+72)
08-10 22:31:39.346 24288 24288 F DEBUG   :       #56 pc 00000000002aaf94  /apex/com.android.art/lib64/libart.so (art_quick_invoke_stub+612) (BuildId: cecb684d19b4f44ee3cbd66142c315f4)
08-10 22:31:39.346 24288 24288 F DEBUG   :       #57 pc 00000000002a9268  /apex/com.android.art/lib64/libart.so (art::ArtMethod::Invoke(art::Thread*, unsigned int*, unsigned int, art::JValue*, char const*)+148) (BuildId: cecb684d19b4f44ee3cbd66142c315f4)
08-10 22:31:39.346 24288 24288 F DEBUG   :       #58 pc 00000000004e1a68  /apex/com.android.art/lib64/libart.so (art::Thread::CreateCallback(void*)+1384) (BuildId: cecb684d19b4f44ee3cbd66142c315f4)
08-10 22:31:39.346 24288 24288 F DEBUG   :       #59 pc 00000000000a3ce8  /apex/com.android.runtime/lib64/bionic/libc.so (__pthread_start(void*)+196) (BuildId: 1d6558a3b88dbb195284ac1e713c1e3c)
08-10 22:31:39.346 24288 24288 F DEBUG   :       #60 pc 000000000009614c  /apex/com.android.runtime/lib64/bionic/libc.so (__start_thread+68) (BuildId: 1d6558a3b88dbb195284ac1e713c1e3c)
08-10 22:32:26.571 24360 25547 F libc    : Fatal signal 11 (SIGSEGV), code 1 (SEGV_MAPERR), fault addr 0x93020489040003 in tid 25547 (mqt_v_js), pid 24360 (st.exp.exponent)
08-10 22:32:27.018 25570 25570 F DEBUG   : Process name is host.exp.exponent, uid is 10441, not key_process
08-10 22:32:27.018 25570 25570 F DEBUG   : keyProcess: 0
08-10 22:32:27.018 25570 25570 F DEBUG   : *** *** *** *** *** *** *** *** *** *** *** *** *** *** *** ***
08-10 22:32:27.018 25570 25570 F DEBUG   : Build fingerprint: 'OnePlus/CPH2467/OP5958L1:15/UKQ1.230924.001/T.R4T2.23bdcb2-2f14a-1:user/release-keys'
08-10 22:32:27.018 25570 25570 F DEBUG   : Revision: '0'
08-10 22:32:27.018 25570 25570 F DEBUG   : ABI: 'arm64'
08-10 22:32:27.018 25570 25570 F DEBUG   : Timestamp: 2026-08-10 22:32:26.720367182+0530
08-10 22:32:27.018 25570 25570 F DEBUG   : Process uptime: 48s
08-10 22:32:27.018 25570 25570 F DEBUG   : Cmdline: host.exp.exponent
08-10 22:32:27.018 25570 25570 F DEBUG   : pid: 24360, tid: 25547, name: mqt_v_js  >>> host.exp.exponent <<<
08-10 22:32:27.018 25570 25570 F DEBUG   : uid: 10441
08-10 22:32:27.018 25570 25570 F DEBUG   : signal 11 (SIGSEGV), code 1 (SEGV_MAPERR), fault addr 0x0093020489040003
08-10 22:32:27.018 25570 25570 F DEBUG   :     x0  b4000074cbc0d100  x1  0193020489040003  x2  0000000000090203  x3  0000000000000000
08-10 22:32:27.018 25570 25570 F DEBUG   :     x4  01930204890d0206  x5  b4000074cbc9d303  x6  0000000000000000  x7  0000000000200000
08-10 22:32:27.018 25570 25570 F DEBUG   :     x8  0000000000090211  x9  107fb5008518a508  x10 00000074cbc00100  x11 0000000000000004
08-10 22:32:27.018 25570 25570 F DEBUG   :     x12 0000000000000004  x13 000000000000000d  x14 b26cfe7042bcd0fd  x15 0000000000000001
08-10 22:32:27.018 25570 25570 F DEBUG   :     x16 000000766653f838  x17 00000077daf0dac0  x18 0000007688044000  x19 0000000000090203
08-10 22:32:27.018 25570 25570 F DEBUG   :     x20 b4000074cbc0d100  x21 0193020489040003  x22 000000000009020f  x23 000000769a9e5698
08-10 22:32:27.018 25570 25570 F DEBUG   :     x24 000000769a9e5698  x25 0000000000000002  x26 b40000758ee4b5a0  x27 b40000758ee8f632
08-10 22:32:27.018 25570 25570 F DEBUG   :     x28 0000007674237518  x29 000000769a9e5470
08-10 22:32:27.018 25570 25570 F DEBUG   :     lr  000000766635d11c  sp  000000769a9e5470  pc  00000077daf0dba0  pst 00000000a0001000
08-10 22:32:27.018 25570 25570 F DEBUG   : 61 total frames
08-10 22:32:27.018 25570 25570 F DEBUG   : backtrace:
08-10 22:32:27.018 25570 25570 F DEBUG   :       #00 pc 000000000008cba0  /apex/com.android.runtime/lib64/bionic/libc.so (__memcpy_aarch64_simd+224) (BuildId: 1d6558a3b88dbb195284ac1e713c1e3c)
08-10 22:32:27.018 25570 25570 F DEBUG   :       #01 pc 00000000000f5118  /data/app/~~cfNxXqddFfEQjkbswQUrrw==/host.exp.exponent-tfT13fULf-NxQmg9wJpadg==/base.apk!libhermesvm.so (offset 0x206c000) (BuildId: 995c7ea8e07bff4da3627dfb9d67fc3f1272bf05)
08-10 22:32:27.018 25570 25570 F DEBUG   :       #02 pc 00000000000f58dc  /data/app/~~cfNxXqddFfEQjkbswQUrrw==/host.exp.exponent-tfT13fULf-NxQmg9wJpadg==/base.apk!libhermesvm.so (offset 0x206c000) (BuildId: 995c7ea8e07bff4da3627dfb9d67fc3f1272bf05)
08-10 22:32:27.018 25570 25570 F DEBUG   :       #03 pc 000000000009891c  /data/app/~~cfNxXqddFfEQjkbswQUrrw==/host.exp.exponent-tfT13fULf-NxQmg9wJpadg==/base.apk!libworklets.so (offset 0x3a80000) (BuildId: 86b6ad38e383ea8e699cfdb1feeedb5559bc5249)
08-10 22:32:27.018 25570 25570 F DEBUG   :       #04 pc 00000000000f81a0  /data/app/~~cfNxXqddFfEQjkbswQUrrw==/host.exp.exponent-tfT13fULf-NxQmg9wJpadg==/base.apk!libhermesvm.so (offset 0x206c000) (BuildId: 995c7ea8e07bff4da3627dfb9d67fc3f1272bf05)
08-10 22:32:27.018 25570 25570 F DEBUG   :       #05 pc 00000000000f7edc  /data/app/~~cfNxXqddFfEQjkbswQUrrw==/host.exp.exponent-tfT13fULf-NxQmg9wJpadg==/base.apk!libhermesvm.so (offset 0x206c000) (BuildId: 995c7ea8e07bff4da3627dfb9d67fc3f1272bf05)
08-10 22:32:27.018 25570 25570 F DEBUG   :       #06 pc 00000000001f1d0c  /data/app/~~cfNxXqddFfEQjkbswQUrrw==/host.exp.exponent-tfT13fULf-NxQmg9wJpadg==/base.apk!libhermesvm.so (offset 0x206c000) (BuildId: 995c7ea8e07bff4da3627dfb9d67fc3f1272bf05)
08-10 22:32:27.018 25570 25570 F DEBUG   :       #07 pc 0000000000206734  /data/app/~~cfNxXqddFfEQjkbswQUrrw==/host.exp.exponent-tfT13fULf-NxQmg9wJpadg==/base.apk!libhermesvm.so (offset 0x206c000) (BuildId: 995c7ea8e07bff4da3627dfb9d67fc3f1272bf05)
08-10 22:32:27.018 25570 25570 F DEBUG   :       #08 pc 0000000000206ebc  /data/app/~~cfNxXqddFfEQjkbswQUrrw==/host.exp.exponent-tfT13fULf-NxQmg9wJpadg==/base.apk!libhermesvm.so (offset 0x206c000) (BuildId: 995c7ea8e07bff4da3627dfb9d67fc3f1272bf05)
08-10 22:32:27.018 25570 25570 F DEBUG   :       #09 pc 0000000000206810  /data/app/~~cfNxXqddFfEQjkbswQUrrw==/host.exp.exponent-tfT13fULf-NxQmg9wJpadg==/base.apk!libhermesvm.so (offset 0x206c000) (BuildId: 995c7ea8e07bff4da3627dfb9d67fc3f1272bf05)
08-10 22:32:27.018 25570 25570 F DEBUG   :       #10 pc 00000000001f1f2c  /data/app/~~cfNxXqddFfEQjkbswQUrrw==/host.exp.exponent-tfT13fULf-NxQmg9wJpadg==/base.apk!libhermesvm.so (offset 0x206c000) (BuildId: 995c7ea8e07bff4da3627dfb9d67fc3f1272bf05)
08-10 22:32:27.018 25570 25570 F DEBUG   :       #11 pc 00000000001f0084  /data/app/~~cfNxXqddFfEQjkbswQUrrw==/host.exp.exponent-tfT13fULf-NxQmg9wJpadg==/base.apk!libhermesvm.so (offset 0x206c000) (BuildId: 995c7ea8e07bff4da3627dfb9d67fc3f1272bf05)
08-10 22:32:27.018 25570 25570 F DEBUG   :       #12 pc 0000000000220bc4  /data/app/~~cfNxXqddFfEQjkbswQUrrw==/host.exp.exponent-tfT13fULf-NxQmg9wJpadg==/base.apk!libhermesvm.so (offset 0x206c000) (BuildId: 995c7ea8e07bff4da3627dfb9d67fc3f1272bf05)
08-10 22:32:27.018 25570 25570 F DEBUG   :       #13 pc 00000000002144dc  /data/app/~~cfNxXqddFfEQjkbswQUrrw==/host.exp.exponent-tfT13fULf-NxQmg9wJpadg==/base.apk!libhermesvm.so (offset 0x206c000) (BuildId: 995c7ea8e07bff4da3627dfb9d67fc3f1272bf05)
08-10 22:32:27.018 25570 25570 F DEBUG   :       #14 pc 0000000000208fcc  /data/app/~~cfNxXqddFfEQjkbswQUrrw==/host.exp.exponent-tfT13fULf-NxQmg9wJpadg==/base.apk!libhermesvm.so (offset 0x206c000) (BuildId: 995c7ea8e07bff4da3627dfb9d67fc3f1272bf05)
08-10 22:32:27.018 25570 25570 F DEBUG   :       #15 pc 0000000000206810  /data/app/~~cfNxXqddFfEQjkbswQUrrw==/host.exp.exponent-tfT13fULf-NxQmg9wJpadg==/base.apk!libhermesvm.so (offset 0x206c000) (BuildId: 995c7ea8e07bff4da3627dfb9d67fc3f1272bf05)
08-10 22:32:27.018 25570 25570 F DEBUG   :       #16 pc 00000000001f1f2c  /data/app/~~cfNxXqddFfEQjkbswQUrrw==/host.exp.exponent-tfT13fULf-NxQmg9wJpadg==/base.apk!libhermesvm.so (offset 0x206c000) (BuildId: 995c7ea8e07bff4da3627dfb9d67fc3f1272bf05)
08-10 22:32:27.018 25570 25570 F DEBUG   :       #17 pc 00000000001f168c  /data/app/~~cfNxXqddFfEQjkbswQUrrw==/host.exp.exponent-tfT13fULf-NxQmg9wJpadg==/base.apk!libhermesvm.so (offset 0x206c000) (BuildId: 995c7ea8e07bff4da3627dfb9d67fc3f1272bf05)
08-10 22:32:27.018 25570 25570 F DEBUG   :       #18 pc 0000000000206748  /data/app/~~cfNxXqddFfEQjkbswQUrrw==/host.exp.exponent-tfT13fULf-NxQmg9wJpadg==/base.apk!libhermesvm.so (offset 0x206c000) (BuildId: 995c7ea8e07bff4da3627dfb9d67fc3f1272bf05)
08-10 22:32:27.018 25570 25570 F DEBUG   :       #19 pc 0000000000206ebc  /data/app/~~cfNxXqddFfEQjkbswQUrrw==/host.exp.exponent-tfT13fULf-NxQmg9wJpadg==/base.apk!libhermesvm.so (offset 0x206c000) (BuildId: 995c7ea8e07bff4da3627dfb9d67fc3f1272bf05)
08-10 22:32:27.018 25570 25570 F DEBUG   :       #20 pc 0000000000206810  /data/app/~~cfNxXqddFfEQjkbswQUrrw==/host.exp.exponent-tfT13fULf-NxQmg9wJpadg==/base.apk!libhermesvm.so (offset 0x206c000) (BuildId: 995c7ea8e07bff4da3627dfb9d67fc3f1272bf05)
08-10 22:32:27.018 25570 25570 F DEBUG   :       #21 pc 00000000001f1f2c  /data/app/~~cfNxXqddFfEQjkbswQUrrw==/host.exp.exponent-tfT13fULf-NxQmg9wJpadg==/base.apk!libhermesvm.so (offset 0x206c000) (BuildId: 995c7ea8e07bff4da3627dfb9d67fc3f1272bf05)
08-10 22:32:27.018 25570 25570 F DEBUG   :       #22 pc 00000000001f168c  /data/app/~~cfNxXqddFfEQjkbswQUrrw==/host.exp.exponent-tfT13fULf-NxQmg9wJpadg==/base.apk!libhermesvm.so (offset 0x206c000) (BuildId: 995c7ea8e07bff4da3627dfb9d67fc3f1272bf05)
08-10 22:32:27.018 25570 25570 F DEBUG   :       #23 pc 00000000000efb08  /data/app/~~cfNxXqddFfEQjkbswQUrrw==/host.exp.exponent-tfT13fULf-NxQmg9wJpadg==/base.apk!libhermesvm.so (offset 0x206c000) (BuildId: 995c7ea8e07bff4da3627dfb9d67fc3f1272bf05)
08-10 22:32:27.018 25570 25570 F DEBUG   :       #24 pc 000000000037ff7c  /data/app/~~cfNxXqddFfEQjkbswQUrrw==/host.exp.exponent-tfT13fULf-NxQmg9wJpadg==/base.apk!libreactnative.so (offset 0x26f8000) (BuildId: 0ddb33254da2ff342e6c5e0a11334eae2254fc2e)
08-10 22:32:27.018 25570 25570 F DEBUG   :       #25 pc 00000000000f81a0  /data/app/~~cfNxXqddFfEQjkbswQUrrw==/host.exp.exponent-tfT13fULf-NxQmg9wJpadg==/base.apk!libhermesvm.so (offset 0x206c000) (BuildId: 995c7ea8e07bff4da3627dfb9d67fc3f1272bf05)
08-10 22:32:27.018 25570 25570 F DEBUG   :       #26 pc 00000000000f7edc  /data/app/~~cfNxXqddFfEQjkbswQUrrw==/host.exp.exponent-tfT13fULf-NxQmg9wJpadg==/base.apk!libhermesvm.so (offset 0x206c000) (BuildId: 995c7ea8e07bff4da3627dfb9d67fc3f1272bf05)
08-10 22:32:27.018 25570 25570 F DEBUG   :       #27 pc 00000000001f1d0c  /data/app/~~cfNxXqddFfEQjkbswQUrrw==/host.exp.exponent-tfT13fULf-NxQmg9wJpadg==/base.apk!libhermesvm.so (offset 0x206c000) (BuildId: 995c7ea8e07bff4da3627dfb9d67fc3f1272bf05)
08-10 22:32:27.018 25570 25570 F DEBUG   :       #28 pc 0000000000206734  /data/app/~~cfNxXqddFfEQjkbswQUrrw==/host.exp.exponent-tfT13fULf-NxQmg9wJpadg==/base.apk!libhermesvm.so (offset 0x206c000) (BuildId: 995c7ea8e07bff4da3627dfb9d67fc3f1272bf05)
08-10 22:32:27.018 25570 25570 F DEBUG   :       #29 pc 0000000000206ebc  /data/app/~~cfNxXqddFfEQjkbswQUrrw==/host.exp.exponent-tfT13fULf-NxQmg9wJpadg==/base.apk!libhermesvm.so (offset 0x206c000) (BuildId: 995c7ea8e07bff4da3627dfb9d67fc3f1272bf05)
08-10 22:32:27.018 25570 25570 F DEBUG   :       #30 pc 0000000000206810  /data/app/~~cfNxXqddFfEQjkbswQUrrw==/host.exp.exponent-tfT13fULf-NxQmg9wJpadg==/base.apk!libhermesvm.so (offset 0x206c000) (BuildId: 995c7ea8e07bff4da3627dfb9d67fc3f1272bf05)
08-10 22:32:27.018 25570 25570 F DEBUG   :       #31 pc 00000000001f1f2c  /data/app/~~cfNxXqddFfEQjkbswQUrrw==/host.exp.exponent-tfT13fULf-NxQmg9wJpadg==/base.apk!libhermesvm.so (offset 0x206c000) (BuildId: 995c7ea8e07bff4da3627dfb9d67fc3f1272bf05)
08-10 22:32:27.018 25570 25570 F DEBUG   :       #32 pc 00000000001f168c  /data/app/~~cfNxXqddFfEQjkbswQUrrw==/host.exp.exponent-tfT13fULf-NxQmg9wJpadg==/base.apk!libhermesvm.so (offset 0x206c000) (BuildId: 995c7ea8e07bff4da3627dfb9d67fc3f1272bf05)
08-10 22:32:27.018 25570 25570 F DEBUG   :       #33 pc 00000000000efb08  /data/app/~~cfNxXqddFfEQjkbswQUrrw==/host.exp.exponent-tfT13fULf-NxQmg9wJpadg==/base.apk!libhermesvm.so (offset 0x206c000) (BuildId: 995c7ea8e07bff4da3627dfb9d67fc3f1272bf05)
08-10 22:32:27.018 25570 25570 F DEBUG   :       #34 pc 000000000050fdac  /data/app/~~cfNxXqddFfEQjkbswQUrrw==/host.exp.exponent-tfT13fULf-NxQmg9wJpadg==/base.apk!libreactnative.so (offset 0x26f8000) (facebook::react::Task::execute(facebook::jsi::Runtime&, bool)+240) (BuildId: 0ddb33254da2ff342e6c5e0a11334eae2254fc2e)
08-10 22:32:27.018 25570 25570 F DEBUG   :       #35 pc 000000000050df84  /data/app/~~cfNxXqddFfEQjkbswQUrrw==/host.exp.exponent-tfT13fULf-NxQmg9wJpadg==/base.apk!libreactnative.so (offset 0x26f8000) (facebook::react::RuntimeScheduler_Modern::executeTask(facebook::jsi::Runtime&, facebook::react::Task&, bool) const+60) (BuildId: 0ddb33254da2ff342e6c5e0a11334eae2254fc2e)
08-10 22:32:27.018 25570 25570 F DEBUG   :       #36 pc 000000000050e894  /data/app/~~cfNxXqddFfEQjkbswQUrrw==/host.exp.exponent-tfT13fULf-NxQmg9wJpadg==/base.apk!libreactnative.so (offset 0x26f8000) (facebook::react::RuntimeScheduler_Modern::runEventLoopTick(facebook::jsi::Runtime&, facebook::react::Task&)+124) (BuildId: 0ddb33254da2ff342e6c5e0a11334eae2254fc2e)
08-10 22:32:27.018 25570 25570 F DEBUG   :       #37 pc 000000000050e5a4  /data/app/~~cfNxXqddFfEQjkbswQUrrw==/host.exp.exponent-tfT13fULf-NxQmg9wJpadg==/base.apk!libreactnative.so (offset 0x26f8000) (facebook::react::RuntimeScheduler_Modern::runEventLoop(facebook::jsi::Runtime&)+88) (BuildId: 0ddb33254da2ff342e6c5e0a11334eae2254fc2e)
08-10 22:32:27.018 25570 25570 F DEBUG   :       #38 pc 00000000002d4020  /data/app/~~cfNxXqddFfEQjkbswQUrrw==/host.exp.exponent-tfT13fULf-NxQmg9wJpadg==/base.apk!libreactnative.so (offset 0x26f8000) (BuildId: 0ddb33254da2ff342e6c5e0a11334eae2254fc2e)
08-10 22:32:27.018 25570 25570 F DEBUG   :       #39 pc 00000000005552f4  /data/app/~~cfNxXqddFfEQjkbswQUrrw==/host.exp.exponent-tfT13fULf-NxQmg9wJpadg==/base.apk!libreactnative.so (offset 0x26f8000) (BuildId: 0ddb33254da2ff342e6c5e0a11334eae2254fc2e)
08-10 22:32:27.018 25570 25570 F DEBUG   :       #40 pc 0000000000017dd0  /data/app/~~cfNxXqddFfEQjkbswQUrrw==/host.exp.exponent-tfT13fULf-NxQmg9wJpadg==/base.apk!libfbjni.so (offset 0x1fc0000) (facebook::jni::detail::MethodWrapper<void (facebook::jni::JNativeRunnable::*)(), &facebook::jni::JNativeRunnable::run(), facebook::jni::JNativeRunnable, void>::dispatch(facebook::jni::alias_ref<facebook::jni::detail::JTypeFor<facebook::jni::HybridClass<facebook::jni::JNativeRunnable, facebook::jni::JRunnable>::JavaPart, facebook::jni::JRunnable, void>::_javaobject*>)+72) (BuildId: e438f6554af1d86b210a05412e96c4251e570157)
08-10 22:32:27.018 25570 25570 F DEBUG   :       #41 pc 0000000000017d10  /data/app/~~cfNxXqddFfEQjkbswQUrrw==/host.exp.exponent-tfT13fULf-NxQmg9wJpadg==/base.apk!libfbjni.so (offset 0x1fc0000) (facebook::jni::detail::FunctionWrapper<void (*)(facebook::jni::alias_ref<facebook::jni::detail::JTypeFor<facebook::jni::HybridClass<facebook::jni::JNativeRunnable, facebook::jni::JRunnable>::JavaPart, facebook::jni::JRunnable, void>::_javaobject*>), facebook::jni::detail::JTypeFor<facebook::jni::HybridClass<facebook::jni::JNativeRunnable, facebook::jni::JRunnable>::JavaPart, facebook::jni::JRunnable, void>::_javaobject*, void>::call(_JNIEnv*, _jobject*, void (*)(facebook::jni::alias_ref<facebook::jni::detail::JTypeFor<facebook::jni::HybridClass<facebook::jni::JNativeRunnable, facebook::jni::JRunnable>::JavaPart, facebook::jni::JRunnable, void>::_javaobject*>))+60) (BuildId: e438f6554af1d86b210a05412e96c4251e570157)
08-10 22:32:27.018 25570 25570 F DEBUG   :       #42 pc 00000000010bda10  /data/misc/apexdata/com.android.art/dalvik-cache/arm64/boot.oat (art_jni_trampoline+112)
08-10 22:32:27.018 25570 25570 F DEBUG   :       #43 pc 0000000000a87aec  /data/misc/apexdata/com.android.art/dalvik-cache/arm64/boot.oat (android.os.Handler.handleCallback+716)
08-10 22:32:27.018 25570 25570 F DEBUG   :       #44 pc 0000000000a87b60  /data/misc/apexdata/com.android.art/dalvik-cache/arm64/boot.oat (android.os.Handler.dispatchMessage+64)
08-10 22:32:27.018 25570 25570 F DEBUG   :       #45 pc 000000000072b8dc  /apex/com.android.art/lib64/libart.so (nterp_helper+2124) (BuildId: cecb684d19b4f44ee3cbd66142c315f4)
08-10 22:32:27.018 25570 25570 F DEBUG   :       #46 pc 000000000109603c  /data/app/~~cfNxXqddFfEQjkbswQUrrw==/host.exp.exponent-tfT13fULf-NxQmg9wJpadg==/oat/arm64/base.vdex (com.facebook.react.bridge.queue.MessageQueueThreadHandler.dispatchMessage+16)
08-10 22:32:27.018 25570 25570 F DEBUG   :       #47 pc 0000000000a8e950  /data/misc/apexdata/com.android.art/dalvik-cache/arm64/boot.oat (android.os.Looper.loopOnce+1296)
08-10 22:32:27.018 25570 25570 F DEBUG   :       #48 pc 0000000000a8e39c  /data/misc/apexdata/com.android.art/dalvik-cache/arm64/boot.oat (android.os.Looper.loop+780)
08-10 22:32:27.018 25570 25570 F DEBUG   :       #49 pc 000000000072b104  /apex/com.android.art/lib64/libart.so (nterp_helper+116) (BuildId: cecb684d19b4f44ee3cbd66142c315f4)
08-10 22:32:27.018 25570 25570 F DEBUG   :       #50 pc 00000000010962ea  /data/app/~~cfNxXqddFfEQjkbswQUrrw==/host.exp.exponent-tfT13fULf-NxQmg9wJpadg==/oat/arm64/base.vdex (com.facebook.react.bridge.queue.MessageQueueThreadImpl$Companion.startNewBackgroundThread$lambda$0+34)
08-10 22:32:27.018 25570 25570 F DEBUG   :       #51 pc 000000000072b104  /apex/com.android.art/lib64/libart.so (nterp_helper+116) (BuildId: cecb684d19b4f44ee3cbd66142c315f4)
08-10 22:32:27.018 25570 25570 F DEBUG   :       #52 pc 0000000001096286  /data/app/~~cfNxXqddFfEQjkbswQUrrw==/host.exp.exponent-tfT13fULf-NxQmg9wJpadg==/oat/arm64/base.vdex (com.facebook.react.bridge.queue.MessageQueueThreadImpl$Companion.a+6)
08-10 22:32:27.018 25570 25570 F DEBUG   :       #53 pc 000000000072b104  /apex/com.android.art/lib64/libart.so (nterp_helper+116) (BuildId: cecb684d19b4f44ee3cbd66142c315f4)
08-10 22:32:27.018 25570 25570 F DEBUG   :       #54 pc 00000000010960d2  /data/app/~~cfNxXqddFfEQjkbswQUrrw==/host.exp.exponent-tfT13fULf-NxQmg9wJpadg==/oat/arm64/base.vdex (com.facebook.react.bridge.queue.b.run+10)
08-10 22:32:27.018 25570 25570 F DEBUG   :       #55 pc 00000000003b2788  /data/misc/apexdata/com.android.art/dalvik-cache/arm64/boot.oat (java.lang.Thread.run+72)
08-10 22:32:27.018 25570 25570 F DEBUG   :       #56 pc 00000000002aaf94  /apex/com.android.art/lib64/libart.so (art_quick_invoke_stub+612) (BuildId: cecb684d19b4f44ee3cbd66142c315f4)
08-10 22:32:27.018 25570 25570 F DEBUG   :       #57 pc 00000000002a9268  /apex/com.android.art/lib64/libart.so (art::ArtMethod::Invoke(art::Thread*, unsigned int*, unsigned int, art::JValue*, char const*)+148) (BuildId: cecb684d19b4f44ee3cbd66142c315f4)
08-10 22:32:27.018 25570 25570 F DEBUG   :       #58 pc 00000000004e1a68  /apex/com.android.art/lib64/libart.so (art::Thread::CreateCallback(void*)+1384) (BuildId: cecb684d19b4f44ee3cbd66142c315f4)
08-10 22:32:27.018 25570 25570 F DEBUG   :       #59 pc 00000000000a3ce8  /apex/com.android.runtime/lib64/bionic/libc.so (__pthread_start(void*)+196) (BuildId: 1d6558a3b88dbb195284ac1e713c1e3c)
08-10 22:32:27.018 25570 25570 F DEBUG   :       #60 pc 000000000009614c  /apex/com.android.runtime/lib64/bionic/libc.so (__start_thread+68) (BuildId: 1d6558a3b88dbb195284ac1e713c1e3c)
08-11 01:39:23.889 32421 32421 E AndroidRuntime: FATAL EXCEPTION: main
08-11 01:39:23.889 32421 32421 E AndroidRuntime: Process: com.instagram.android, PID: 32421
08-11 01:39:23.889 32421 32421 E AndroidRuntime: java.lang.RuntimeException: Unable to pause activity {com.instagram.android/com.instagram.android.activity.MainTabActivity}: java.lang.IndexOutOfBoundsException: Index 0 out of bounds for length 0
08-11 01:39:23.889 32421 32421 E AndroidRuntime: 	at android.app.ActivityThread.performPauseActivityIfNeeded(ActivityThread.java:6054)
08-11 01:39:23.889 32421 32421 E AndroidRuntime: 	at android.app.ActivityThread.performPauseActivity(ActivityThread.java:6005)
08-11 01:39:23.889 32421 32421 E AndroidRuntime: 	at android.app.ActivityThread.handlePauseActivity(ActivityThread.java:5957)
08-11 01:39:23.889 32421 32421 E AndroidRuntime: 	at android.app.servertransaction.PauseActivityItem.execute(PauseActivityItem.java:57)
08-11 01:39:23.889 32421 32421 E AndroidRuntime: 	at android.app.servertransaction.ActivityTransactionItem.execute(ActivityTransactionItem.java:60)
08-11 01:39:23.889 32421 32421 E AndroidRuntime: 	at android.app.servertransaction.TransactionExecutor.executeLifecycleItem(TransactionExecutor.java:230)
08-11 01:39:23.889 32421 32421 E AndroidRuntime: 	at android.app.servertransaction.TransactionExecutor.executeTransactionItems(TransactionExecutor.java:112)
08-11 01:39:23.889 32421 32421 E AndroidRuntime: 	at android.app.servertransaction.TransactionExecutor.execute(TransactionExecutor.java:86)
08-11 01:39:23.889 32421 32421 E AndroidRuntime: 	at android.app.ActivityThread$H.handleMessage(ActivityThread.java:2902)
08-11 01:39:23.889 32421 32421 E AndroidRuntime: 	at X.08tQ.AMI(:62)
08-11 01:39:23.889 32421 32421 E AndroidRuntime: 	at X.00sd.handleMessage(:37)
08-11 01:39:23.889 32421 32421 E AndroidRuntime: 	at android.os.Handler.dispatchMessage(Handler.java:103)
08-11 01:39:23.889 32421 32421 E AndroidRuntime: 	at android.os.Looper.loopOnce(Looper.java:282)
08-11 01:39:23.889 32421 32421 E AndroidRuntime: 	at android.os.Looper.loop(Looper.java:387)
08-11 01:39:23.889 32421 32421 E AndroidRuntime: 	at android.app.ActivityThread.main(ActivityThread.java:9500)
08-11 01:39:23.889 32421 32421 E AndroidRuntime: 	at java.lang.reflect.Method.invoke(Native Method)
08-11 01:39:23.889 32421 32421 E AndroidRuntime: 	at com.android.internal.os.RuntimeInit$MethodAndArgsCaller.run(RuntimeInit.java:600)
08-11 01:39:23.889 32421 32421 E AndroidRuntime: 	at com.android.internal.os.ZygoteInit.main(ZygoteInit.java:1005)
08-11 01:39:23.889 32421 32421 E AndroidRuntime: Caused by: java.lang.IndexOutOfBoundsException: Index 0 out of bounds for length 0
08-11 01:39:23.889 32421 32421 E AndroidRuntime: 	at jdk.internal.util.Preconditions.outOfBounds(Preconditions.java:100)
08-11 01:39:23.889 32421 32421 E AndroidRuntime: 	at jdk.internal.util.Preconditions.outOfBoundsCheckIndex(Preconditions.java:106)
08-11 01:39:23.889 32421 32421 E AndroidRuntime: 	at jdk.internal.util.Preconditions.checkIndex(Preconditions.java:302)
08-11 01:39:23.889 32421 32421 E AndroidRuntime: 	at java.util.Objects.checkIndex(Objects.java:371)
08-11 01:39:23.889 32421 32421 E AndroidRuntime: 	at java.util.ArrayList.get(ArrayList.java:435)
08-11 01:39:23.889 32421 32421 E AndroidRuntime: 	at X.01li.A01(:101)
08-11 01:39:23.889 32421 32421 E AndroidRuntime: 	at com.instagram.mainactivity.InstagramMainActivity.A2T(:51)
08-11 01:39:23.889 32421 32421 E AndroidRuntime: 	at com.instagram.mainactivity.InstagramMainActivity.A1u(:106)
08-11 01:39:23.889 32421 32421 E AndroidRuntime: 	at X.00IT.A09(:2)
08-11 01:39:23.889 32421 32421 E AndroidRuntime: 	at X.0BZn.invoke(:413)
08-11 01:39:23.889 32421 32421 E AndroidRuntime: 	at X.00IY.A00(:51)
08-11 01:39:23.889 32421 32421 E AndroidRuntime: 	at com.instagram.base.activity.IgFragmentActivity.onPause(:29)
08-11 01:39:23.889 32421 32421 E AndroidRuntime: 	at android.app.Activity.performPause(Activity.java:9412)
08-11 01:39:23.889 32421 32421 E AndroidRuntime: 	at android.app.Instrumentation.callActivityOnPause(Instrumentation.java:1794)
08-11 01:39:23.889 32421 32421 E AndroidRuntime: 	at android.app.ActivityThread.performPauseActivityIfNeeded(ActivityThread.java:6044)
08-11 01:39:23.889 32421 32421 E AndroidRuntime: 	... 17 more
08-14 00:17:08.322 27045 31777 E AndroidRuntime: FATAL EXCEPTION: pool-33-thread-1
08-14 00:17:08.322 27045 31777 E AndroidRuntime: Process: host.exp.exponent, PID: 27045
08-14 00:17:08.322 27045 31777 E AndroidRuntime: java.lang.AssertionError: Cannot start a new ReactInstance on an invalidated ReactHost
08-14 00:17:08.322 27045 31777 E AndroidRuntime: 	at com.facebook.infer.annotation.Assertions.assertCondition(r8-map-id-76a6598150d3c068205f2ece489a9b1fcd1ad82203d07640bcb897ca4fe7d60d:2)
08-14 00:17:08.322 27045 31777 E AndroidRuntime: 	at com.facebook.react.runtime.ReactHostImpl.getOrCreateReactInstanceTask$lambda$45(r8-map-id-76a6598150d3c068205f2ece489a9b1fcd1ad82203d07640bcb897ca4fe7d60d:14)
08-14 00:17:08.322 27045 31777 E AndroidRuntime: 	at com.facebook.react.runtime.ReactHostImpl.L(r8-map-id-76a6598150d3c068205f2ece489a9b1fcd1ad82203d07640bcb897ca4fe7d60d:1)
08-14 00:17:08.322 27045 31777 E AndroidRuntime: 	at com.facebook.react.runtime.r.get(r8-map-id-76a6598150d3c068205f2ece489a9b1fcd1ad82203d07640bcb897ca4fe7d60d:5)
08-14 00:17:08.322 27045 31777 E AndroidRuntime: 	at com.facebook.react.runtime.BridgelessAtomicRef.getOrCreate(r8-map-id-76a6598150d3c068205f2ece489a9b1fcd1ad82203d07640bcb897ca4fe7d60d:46)
08-14 00:17:08.322 27045 31777 E AndroidRuntime: 	at com.facebook.react.runtime.ReactHostImpl.getOrCreateReactInstanceTask(r8-map-id-76a6598150d3c068205f2ece489a9b1fcd1ad82203d07640bcb897ca4fe7d60d:17)
08-14 00:17:08.322 27045 31777 E AndroidRuntime: 	at com.facebook.react.runtime.ReactHostImpl.getOrCreateReloadTask$lambda$56(r8-map-id-76a6598150d3c068205f2ece489a9b1fcd1ad82203d07640bcb897ca4fe7d60d:58)
08-14 00:17:08.322 27045 31777 E AndroidRuntime: 	at com.facebook.react.runtime.ReactHostImpl.W(r8-map-id-76a6598150d3c068205f2ece489a9b1fcd1ad82203d07640bcb897ca4fe7d60d:1)
08-14 00:17:08.322 27045 31777 E AndroidRuntime: 	at com.facebook.react.runtime.j.then(r8-map-id-76a6598150d3c068205f2ece489a9b1fcd1ad82203d07640bcb897ca4fe7d60d:7)
08-14 00:17:08.322 27045 31777 E AndroidRuntime: 	at com.facebook.react.runtime.internal.bolts.Task$Companion.completeAfterTask$lambda$5(r8-map-id-76a6598150d3c068205f2ece489a9b1fcd1ad82203d07640bcb897ca4fe7d60d:1)
08-14 00:17:08.322 27045 31777 E AndroidRuntime: 	at com.facebook.react.runtime.internal.bolts.Task$Companion.a(r8-map-id-76a6598150d3c068205f2ece489a9b1fcd1ad82203d07640bcb897ca4fe7d60d:1)
08-14 00:17:08.322 27045 31777 E AndroidRuntime: 	at com.facebook.react.runtime.internal.bolts.j.run(r8-map-id-76a6598150d3c068205f2ece489a9b1fcd1ad82203d07640bcb897ca4fe7d60d:7)
08-14 00:17:08.322 27045 31777 E AndroidRuntime: 	at java.util.concurrent.ThreadPoolExecutor.runWorker(ThreadPoolExecutor.java:1100)
08-14 00:17:08.322 27045 31777 E AndroidRuntime: 	at java.util.concurrent.ThreadPoolExecutor$Worker.run(ThreadPoolExecutor.java:624)
08-14 00:17:08.322 27045 31777 E AndroidRuntime: 	at java.lang.Thread.run(Thread.java:1572)
08-14 00:39:07.502 18222 18684 E AndroidRuntime: FATAL EXCEPTION: pool-2-thread-1
08-14 00:39:07.502 18222 18684 E AndroidRuntime: Process: io.github.imksh.hireme, PID: 18222
08-14 00:39:07.502 18222 18684 E AndroidRuntime: java.lang.UnsatisfiedLinkError: dlopen failed: cannot locate symbol "_ZNKR8facebook3jsi5Value8asObjectERNS0_7RuntimeE" referenced by "/data/app/~~Q2s1xsThylrUhsmM5lYUVg==/io.github.imksh.hireme-ML7fXiEC5zopmgLpQYpGQQ==/base.apk!/lib/arm64-v8a/libexpo-av.so"...
08-14 00:39:07.502 18222 18684 E AndroidRuntime: 	at java.lang.Runtime.loadLibrary0(Runtime.java:1111)
08-14 00:39:07.502 18222 18684 E AndroidRuntime: 	at java.lang.Runtime.loadLibrary0(Runtime.java:1033)
08-14 00:39:07.502 18222 18684 E AndroidRuntime: 	at java.lang.System.loadLibrary(System.java:1765)
08-14 00:39:07.502 18222 18684 E AndroidRuntime: 	at expo.modules.av.AVManager.<clinit>(AVManager.java:56)
08-14 00:39:07.502 18222 18684 E AndroidRuntime: 	at expo.modules.av.AVPackage.createInternalModules(AVPackage.java:16)
08-14 00:39:07.502 18222 18684 E AndroidRuntime: 	at expo.modules.adapters.react.ReactModuleRegistryProvider.get(ReactModuleRegistryProvider.java:47)
08-14 00:39:07.502 18222 18684 E AndroidRuntime: 	at expo.modules.adapters.react.ModuleRegistryAdapter.getOrCreateNativeModulesProxy(ModuleRegistryAdapter.java:136)
08-14 00:39:07.502 18222 18684 E AndroidRuntime: 	at expo.modules.adapters.react.ModuleRegistryAdapter.createNativeModules(ModuleRegistryAdapter.java:65)
08-14 00:39:07.502 18222 18684 E AndroidRuntime: 	at expo.modules.ExpoModulesPackage.createNativeModules(ExpoModulesPackage.kt:35)
08-14 00:39:07.502 18222 18684 E AndroidRuntime: 	at com.facebook.react.ReactPackageTurboModuleManagerDelegate.initialize(ReactPackageTurboModuleManagerDelegate.kt:64)
08-14 00:39:07.502 18222 18684 E AndroidRuntime: 	at com.facebook.react.ReactPackageTurboModuleManagerDelegate.<init>(ReactPackageTurboModuleManagerDelegate.kt:42)
08-14 00:39:07.502 18222 18684 E AndroidRuntime: 	at com.facebook.react.defaults.DefaultTurboModuleManagerDelegate.<init>(DefaultTurboModuleManagerDelegate.kt:35)
08-14 00:39:07.502 18222 18684 E AndroidRuntime: 	at com.facebook.react.defaults.DefaultTurboModuleManagerDelegate.<init>(DefaultTurboModuleManagerDelegate.kt:0)
08-14 00:39:07.502 18222 18684 E AndroidRuntime: 	at com.facebook.react.defaults.DefaultTurboModuleManagerDelegate$Builder.build(DefaultTurboModuleManagerDelegate.kt:63)
08-14 00:39:07.502 18222 18684 E AndroidRuntime: 	at com.facebook.react.defaults.DefaultTurboModuleManagerDelegate$Builder.build(DefaultTurboModuleManagerDelegate.kt:43)
08-14 00:39:07.502 18222 18684 E AndroidRuntime: 	at com.facebook.react.ReactPackageTurboModuleManagerDelegate$Builder.build(ReactPackageTurboModuleManagerDelegate.kt:222)
08-14 00:39:07.502 18222 18684 E AndroidRuntime: 	at com.facebook.react.runtime.ReactInstance.<init>(ReactInstance.kt:183)
08-14 00:39:07.502 18222 18684 E AndroidRuntime: 	at com.facebook.react.runtime.ReactHostImpl.getOrCreateReactInstanceTask$lambda$45$lambda$41(ReactHostImpl.kt:1052)
08-14 00:39:07.502 18222 18684 E AndroidRuntime: 	at com.facebook.react.runtime.ReactHostImpl.$r8$lambda$SmdYI7igN6ETqUXjl3FigYM4DHc(ReactHostImpl.kt:0)
08-14 00:39:07.502 18222 18684 E AndroidRuntime: 	at com.facebook.react.runtime.ReactHostImpl$$ExternalSyntheticLambda43.then(D8$$SyntheticClass:0)
08-14 00:39:07.502 18222 18684 E AndroidRuntime: 	at com.facebook.react.runtime.internal.bolts.Task$Companion.completeImmediately$lambda$3(Task.kt:360)
08-14 00:39:07.502 18222 18684 E AndroidRuntime: 	at com.facebook.react.runtime.internal.bolts.Task$Companion.$r8$lambda$b7MTC0ufkn_2TjF4BGcNqGR9qK0(Task.kt:0)
08-14 00:39:07.502 18222 18684 E AndroidRuntime: 	at com.facebook.react.runtime.internal.bolts.Task$Companion$$ExternalSyntheticLambda3.run(D8$$SyntheticClass:0)
08-14 00:39:07.502 18222 18684 E AndroidRuntime: 	at com.facebook.react.runtime.internal.bolts.Executors$ImmediateExecutor.execute(Executors.kt:41)
08-14 00:39:07.502 18222 18684 E AndroidRuntime: 	at com.facebook.react.runtime.internal.bolts.Task$Companion.completeImmediately(Task.kt:358)
08-14 00:39:07.502 18222 18684 E AndroidRuntime: 	at com.facebook.react.runtime.internal.bolts.Task$Companion.access$completeImmediately(Task.kt:254)
08-14 00:39:07.502 18222 18684 E AndroidRuntime: 	at com.facebook.react.runtime.internal.bolts.Task.continueWith(Task.kt:133)
08-14 00:39:07.502 18222 18684 E AndroidRuntime: 	at com.facebook.react.runtime.internal.bolts.Task.continueWith$default(Task.kt:117)
08-14 00:39:07.502 18222 18684 E AndroidRuntime: 	at com.facebook.react.runtime.internal.bolts.Task.onSuccess$lambda$12(Task.kt:176)
08-14 00:39:07.502 18222 18684 E AndroidRuntime: 	at com.facebook.react.runtime.internal.bolts.Task.$r8$lambda$l0wwo5AvbHxlwfI1R7CH_codxoo(Task.kt:0)
08-14 00:39:07.502 18222 18684 E AndroidRuntime: 	at com.facebook.react.runtime.internal.bolts.Task$$ExternalSyntheticLambda2.then(D8$$SyntheticClass:0)
08-14 00:39:07.502 18222 18684 E AndroidRuntime: 	at com.facebook.react.runtime.internal.bolts.Task$Companion.completeAfterTask$lambda$5(Task.kt:394)
08-14 00:39:07.502 18222 18684 E AndroidRuntime: 	at com.facebook.react.runtime.internal.bolts.Task$Companion.$r8$lambda$IPpysnehFwANEiW061YzapkMdoE(Task.kt:0)
08-14 00:39:07.502 18222 18684 E AndroidRuntime: 	at com.facebook.react.runtime.internal.bolts.Task$Companion$$ExternalSyntheticLambda4.run(D8$$SyntheticClass:0)
08-14 00:39:07.502 18222 18684 E AndroidRuntime: 	at java.util.concurrent.ThreadPoolExecutor.runWorker(ThreadPoolExecutor.java:1100)
08-14 00:39:07.502 18222 18684 E AndroidRuntime: 	at java.util.concurrent.ThreadPoolExecutor$Worker.run(ThreadPoolExecutor.java:624)
08-14 00:39:07.502 18222 18684 E AndroidRuntime: 	at java.lang.Thread.run(Thread.java:1572)
08-14 00:39:17.401 19173 19263 E AndroidRuntime: FATAL EXCEPTION: pool-2-thread-1
08-14 00:39:17.401 19173 19263 E AndroidRuntime: Process: io.github.imksh.hireme, PID: 19173
08-14 00:39:17.401 19173 19263 E AndroidRuntime: java.lang.UnsatisfiedLinkError: dlopen failed: cannot locate symbol "_ZNKR8facebook3jsi5Value8asObjectERNS0_7RuntimeE" referenced by "/data/app/~~Q2s1xsThylrUhsmM5lYUVg==/io.github.imksh.hireme-ML7fXiEC5zopmgLpQYpGQQ==/base.apk!/lib/arm64-v8a/libexpo-av.so"...
08-14 00:39:17.401 19173 19263 E AndroidRuntime: 	at java.lang.Runtime.loadLibrary0(Runtime.java:1111)
08-14 00:39:17.401 19173 19263 E AndroidRuntime: 	at java.lang.Runtime.loadLibrary0(Runtime.java:1033)
08-14 00:39:17.401 19173 19263 E AndroidRuntime: 	at java.lang.System.loadLibrary(System.java:1765)
08-14 00:39:17.401 19173 19263 E AndroidRuntime: 	at expo.modules.av.AVManager.<clinit>(AVManager.java:56)
08-14 00:39:17.401 19173 19263 E AndroidRuntime: 	at expo.modules.av.AVPackage.createInternalModules(AVPackage.java:16)
08-14 00:39:17.401 19173 19263 E AndroidRuntime: 	at expo.modules.adapters.react.ReactModuleRegistryProvider.get(ReactModuleRegistryProvider.java:47)
08-14 00:39:17.401 19173 19263 E AndroidRuntime: 	at expo.modules.adapters.react.ModuleRegistryAdapter.getOrCreateNativeModulesProxy(ModuleRegistryAdapter.java:136)
08-14 00:39:17.401 19173 19263 E AndroidRuntime: 	at expo.modules.adapters.react.ModuleRegistryAdapter.createNativeModules(ModuleRegistryAdapter.java:65)
08-14 00:39:17.401 19173 19263 E AndroidRuntime: 	at expo.modules.ExpoModulesPackage.createNativeModules(ExpoModulesPackage.kt:35)
08-14 00:39:17.401 19173 19263 E AndroidRuntime: 	at com.facebook.react.ReactPackageTurboModuleManagerDelegate.initialize(ReactPackageTurboModuleManagerDelegate.kt:64)
08-14 00:39:17.401 19173 19263 E AndroidRuntime: 	at com.facebook.react.ReactPackageTurboModuleManagerDelegate.<init>(ReactPackageTurboModuleManagerDelegate.kt:42)
08-14 00:39:17.401 19173 19263 E AndroidRuntime: 	at com.facebook.react.defaults.DefaultTurboModuleManagerDelegate.<init>(DefaultTurboModuleManagerDelegate.kt:35)
08-14 00:39:17.401 19173 19263 E AndroidRuntime: 	at com.facebook.react.defaults.DefaultTurboModuleManagerDelegate.<init>(DefaultTurboModuleManagerDelegate.kt:0)
08-14 00:39:17.401 19173 19263 E AndroidRuntime: 	at com.facebook.react.defaults.DefaultTurboModuleManagerDelegate$Builder.build(DefaultTurboModuleManagerDelegate.kt:63)
08-14 00:39:17.401 19173 19263 E AndroidRuntime: 	at com.facebook.react.defaults.DefaultTurboModuleManagerDelegate$Builder.build(DefaultTurboModuleManagerDelegate.kt:43)
08-14 00:39:17.401 19173 19263 E AndroidRuntime: 	at com.facebook.react.ReactPackageTurboModuleManagerDelegate$Builder.build(ReactPackageTurboModuleManagerDelegate.kt:222)
08-14 00:39:17.401 19173 19263 E AndroidRuntime: 	at com.facebook.react.runtime.ReactInstance.<init>(ReactInstance.kt:183)
08-14 00:39:17.401 19173 19263 E AndroidRuntime: 	at com.facebook.react.runtime.ReactHostImpl.getOrCreateReactInstanceTask$lambda$45$lambda$41(ReactHostImpl.kt:1052)
08-14 00:39:17.401 19173 19263 E AndroidRuntime: 	at com.facebook.react.runtime.ReactHostImpl.$r8$lambda$SmdYI7igN6ETqUXjl3FigYM4DHc(ReactHostImpl.kt:0)
08-14 00:39:17.401 19173 19263 E AndroidRuntime: 	at com.facebook.react.runtime.ReactHostImpl$$ExternalSyntheticLambda43.then(D8$$SyntheticClass:0)
08-14 00:39:17.401 19173 19263 E AndroidRuntime: 	at com.facebook.react.runtime.internal.bolts.Task$Companion.completeImmediately$lambda$3(Task.kt:360)
08-14 00:39:17.401 19173 19263 E AndroidRuntime: 	at com.facebook.react.runtime.internal.bolts.Task$Companion.$r8$lambda$b7MTC0ufkn_2TjF4BGcNqGR9qK0(Task.kt:0)
08-14 00:39:17.401 19173 19263 E AndroidRuntime: 	at com.facebook.react.runtime.internal.bolts.Task$Companion$$ExternalSyntheticLambda3.run(D8$$SyntheticClass:0)
08-14 00:39:17.401 19173 19263 E AndroidRuntime: 	at com.facebook.react.runtime.internal.bolts.Executors$ImmediateExecutor.execute(Executors.kt:41)
08-14 00:39:17.401 19173 19263 E AndroidRuntime: 	at com.facebook.react.runtime.internal.bolts.Task$Companion.completeImmediately(Task.kt:358)
08-14 00:39:17.401 19173 19263 E AndroidRuntime: 	at com.facebook.react.runtime.internal.bolts.Task$Companion.access$completeImmediately(Task.kt:254)
08-14 00:39:17.401 19173 19263 E AndroidRuntime: 	at com.facebook.react.runtime.internal.bolts.Task.continueWith(Task.kt:133)
08-14 00:39:17.401 19173 19263 E AndroidRuntime: 	at com.facebook.react.runtime.internal.bolts.Task.continueWith$default(Task.kt:117)
08-14 00:39:17.401 19173 19263 E AndroidRuntime: 	at com.facebook.react.runtime.internal.bolts.Task.onSuccess$lambda$12(Task.kt:176)
08-14 00:39:17.401 19173 19263 E AndroidRuntime: 	at com.facebook.react.runtime.internal.bolts.Task.$r8$lambda$l0wwo5AvbHxlwfI1R7CH_codxoo(Task.kt:0)
08-14 00:39:17.401 19173 19263 E AndroidRuntime: 	at com.facebook.react.runtime.internal.bolts.Task$$ExternalSyntheticLambda2.then(D8$$SyntheticClass:0)
08-14 00:39:17.401 19173 19263 E AndroidRuntime: 	at com.facebook.react.runtime.internal.bolts.Task$Companion.completeAfterTask$lambda$5(Task.kt:394)
08-14 00:39:17.401 19173 19263 E AndroidRuntime: 	at com.facebook.react.runtime.internal.bolts.Task$Companion.$r8$lambda$IPpysnehFwANEiW061YzapkMdoE(Task.kt:0)
08-14 00:39:17.401 19173 19263 E AndroidRuntime: 	at com.facebook.react.runtime.internal.bolts.Task$Companion$$ExternalSyntheticLambda4.run(D8$$SyntheticClass:0)
08-14 00:39:17.401 19173 19263 E AndroidRuntime: 	at java.util.concurrent.ThreadPoolExecutor.runWorker(ThreadPoolExecutor.java:1100)
08-14 00:39:17.401 19173 19263 E AndroidRuntime: 	at java.util.concurrent.ThreadPoolExecutor$Worker.run(ThreadPoolExecutor.java:624)
08-14 00:39:17.401 19173 19263 E AndroidRuntime: 	at java.lang.Thread.run(Thread.java:1572)
08-14 00:39:25.182 19651 19828 E AndroidRuntime: FATAL EXCEPTION: pool-2-thread-1
08-14 00:39:25.182 19651 19828 E AndroidRuntime: Process: io.github.imksh.hireme, PID: 19651
08-14 00:39:25.182 19651 19828 E AndroidRuntime: java.lang.UnsatisfiedLinkError: dlopen failed: cannot locate symbol "_ZNKR8facebook3jsi5Value8asObjectERNS0_7RuntimeE" referenced by "/data/app/~~Q2s1xsThylrUhsmM5lYUVg==/io.github.imksh.hireme-ML7fXiEC5zopmgLpQYpGQQ==/base.apk!/lib/arm64-v8a/libexpo-av.so"...
08-14 00:39:25.182 19651 19828 E AndroidRuntime: 	at java.lang.Runtime.loadLibrary0(Runtime.java:1111)
08-14 00:39:25.182 19651 19828 E AndroidRuntime: 	at java.lang.Runtime.loadLibrary0(Runtime.java:1033)
08-14 00:39:25.182 19651 19828 E AndroidRuntime: 	at java.lang.System.loadLibrary(System.java:1765)
08-14 00:39:25.182 19651 19828 E AndroidRuntime: 	at expo.modules.av.AVManager.<clinit>(AVManager.java:56)
08-14 00:39:25.182 19651 19828 E AndroidRuntime: 	at expo.modules.av.AVPackage.createInternalModules(AVPackage.java:16)
08-14 00:39:25.182 19651 19828 E AndroidRuntime: 	at expo.modules.adapters.react.ReactModuleRegistryProvider.get(ReactModuleRegistryProvider.java:47)
08-14 00:39:25.182 19651 19828 E AndroidRuntime: 	at expo.modules.adapters.react.ModuleRegistryAdapter.getOrCreateNativeModulesProxy(ModuleRegistryAdapter.java:136)
08-14 00:39:25.182 19651 19828 E AndroidRuntime: 	at expo.modules.adapters.react.ModuleRegistryAdapter.createNativeModules(ModuleRegistryAdapter.java:65)
08-14 00:39:25.182 19651 19828 E AndroidRuntime: 	at expo.modules.ExpoModulesPackage.createNativeModules(ExpoModulesPackage.kt:35)
08-14 00:39:25.182 19651 19828 E AndroidRuntime: 	at com.facebook.react.ReactPackageTurboModuleManagerDelegate.initialize(ReactPackageTurboModuleManagerDelegate.kt:64)
08-14 00:39:25.182 19651 19828 E AndroidRuntime: 	at com.facebook.react.ReactPackageTurboModuleManagerDelegate.<init>(ReactPackageTurboModuleManagerDelegate.kt:42)
08-14 00:39:25.182 19651 19828 E AndroidRuntime: 	at com.facebook.react.defaults.DefaultTurboModuleManagerDelegate.<init>(DefaultTurboModuleManagerDelegate.kt:35)
08-14 00:39:25.182 19651 19828 E AndroidRuntime: 	at com.facebook.react.defaults.DefaultTurboModuleManagerDelegate.<init>(DefaultTurboModuleManagerDelegate.kt:0)
08-14 00:39:25.182 19651 19828 E AndroidRuntime: 	at com.facebook.react.defaults.DefaultTurboModuleManagerDelegate$Builder.build(DefaultTurboModuleManagerDelegate.kt:63)
08-14 00:39:25.182 19651 19828 E AndroidRuntime: 	at com.facebook.react.defaults.DefaultTurboModuleManagerDelegate$Builder.build(DefaultTurboModuleManagerDelegate.kt:43)
08-14 00:39:25.182 19651 19828 E AndroidRuntime: 	at com.facebook.react.ReactPackageTurboModuleManagerDelegate$Builder.build(ReactPackageTurboModuleManagerDelegate.kt:222)
08-14 00:39:25.182 19651 19828 E AndroidRuntime: 	at com.facebook.react.runtime.ReactInstance.<init>(ReactInstance.kt:183)
08-14 00:39:25.182 19651 19828 E AndroidRuntime: 	at com.facebook.react.runtime.ReactHostImpl.getOrCreateReactInstanceTask$lambda$45$lambda$41(ReactHostImpl.kt:1052)
08-14 00:39:25.182 19651 19828 E AndroidRuntime: 	at com.facebook.react.runtime.ReactHostImpl.$r8$lambda$SmdYI7igN6ETqUXjl3FigYM4DHc(ReactHostImpl.kt:0)
08-14 00:39:25.182 19651 19828 E AndroidRuntime: 	at com.facebook.react.runtime.ReactHostImpl$$ExternalSyntheticLambda43.then(D8$$SyntheticClass:0)
08-14 00:39:25.182 19651 19828 E AndroidRuntime: 	at com.facebook.react.runtime.internal.bolts.Task$Companion.completeImmediately$lambda$3(Task.kt:360)
08-14 00:39:25.182 19651 19828 E AndroidRuntime: 	at com.facebook.react.runtime.internal.bolts.Task$Companion.$r8$lambda$b7MTC0ufkn_2TjF4BGcNqGR9qK0(Task.kt:0)
08-14 00:39:25.182 19651 19828 E AndroidRuntime: 	at com.facebook.react.runtime.internal.bolts.Task$Companion$$ExternalSyntheticLambda3.run(D8$$SyntheticClass:0)
08-14 00:39:25.182 19651 19828 E AndroidRuntime: 	at com.facebook.react.runtime.internal.bolts.Executors$ImmediateExecutor.execute(Executors.kt:41)
08-14 00:39:25.182 19651 19828 E AndroidRuntime: 	at com.facebook.react.runtime.internal.bolts.Task$Companion.completeImmediately(Task.kt:358)
08-14 00:39:25.182 19651 19828 E AndroidRuntime: 	at com.facebook.react.runtime.internal.bolts.Task$Companion.access$completeImmediately(Task.kt:254)
08-14 00:39:25.182 19651 19828 E AndroidRuntime: 	at com.facebook.react.runtime.internal.bolts.Task.continueWith(Task.kt:133)
08-14 00:39:25.182 19651 19828 E AndroidRuntime: 	at com.facebook.react.runtime.internal.bolts.Task.continueWith$default(Task.kt:117)
08-14 00:39:25.182 19651 19828 E AndroidRuntime: 	at com.facebook.react.runtime.internal.bolts.Task.onSuccess$lambda$12(Task.kt:176)
08-14 00:39:25.182 19651 19828 E AndroidRuntime: 	at com.facebook.react.runtime.internal.bolts.Task.$r8$lambda$l0wwo5AvbHxlwfI1R7CH_codxoo(Task.kt:0)
08-14 00:39:25.182 19651 19828 E AndroidRuntime: 	at com.facebook.react.runtime.internal.bolts.Task$$ExternalSyntheticLambda2.then(D8$$SyntheticClass:0)
08-14 00:39:25.182 19651 19828 E AndroidRuntime: 	at com.facebook.react.runtime.internal.bolts.Task$Companion.completeAfterTask$lambda$5(Task.kt:394)
08-14 00:39:25.182 19651 19828 E AndroidRuntime: 	at com.facebook.react.runtime.internal.bolts.Task$Companion.$r8$lambda$IPpysnehFwANEiW061YzapkMdoE(Task.kt:0)
08-14 00:39:25.182 19651 19828 E AndroidRuntime: 	at com.facebook.react.runtime.internal.bolts.Task$Companion$$ExternalSyntheticLambda4.run(D8$$SyntheticClass:0)
08-14 00:39:25.182 19651 19828 E AndroidRuntime: 	at java.util.concurrent.ThreadPoolExecutor.runWorker(ThreadPoolExecutor.java:1100)
08-14 00:39:25.182 19651 19828 E AndroidRuntime: 	at java.util.concurrent.ThreadPoolExecutor$Worker.run(ThreadPoolExecutor.java:624)
08-14 00:39:25.182 19651 19828 E AndroidRuntime: 	at java.lang.Thread.run(Thread.java:1572)
08-14 00:40:04.230 20178 20327 E AndroidRuntime: FATAL EXCEPTION: pool-2-thread-1
08-14 00:40:04.230 20178 20327 E AndroidRuntime: Process: io.github.imksh.hireme, PID: 20178
08-14 00:40:04.230 20178 20327 E AndroidRuntime: java.lang.UnsatisfiedLinkError: dlopen failed: cannot locate symbol "_ZNKR8facebook3jsi5Value8asObjectERNS0_7RuntimeE" referenced by "/data/app/~~sMYK1XTkrDmI2SXMrzPN6w==/io.github.imksh.hireme-a5iXff32v7AwD78HgXD5pg==/base.apk!/lib/arm64-v8a/libexpo-av.so"...
08-14 00:40:04.230 20178 20327 E AndroidRuntime: 	at java.lang.Runtime.loadLibrary0(Runtime.java:1111)
08-14 00:40:04.230 20178 20327 E AndroidRuntime: 	at java.lang.Runtime.loadLibrary0(Runtime.java:1033)
08-14 00:40:04.230 20178 20327 E AndroidRuntime: 	at java.lang.System.loadLibrary(System.java:1765)
08-14 00:40:04.230 20178 20327 E AndroidRuntime: 	at expo.modules.av.AVManager.<clinit>(AVManager.java:56)
08-14 00:40:04.230 20178 20327 E AndroidRuntime: 	at expo.modules.av.AVPackage.createInternalModules(AVPackage.java:16)
08-14 00:40:04.230 20178 20327 E AndroidRuntime: 	at expo.modules.adapters.react.ReactModuleRegistryProvider.get(ReactModuleRegistryProvider.java:47)
08-14 00:40:04.230 20178 20327 E AndroidRuntime: 	at expo.modules.adapters.react.ModuleRegistryAdapter.getOrCreateNativeModulesProxy(ModuleRegistryAdapter.java:136)
08-14 00:40:04.230 20178 20327 E AndroidRuntime: 	at expo.modules.adapters.react.ModuleRegistryAdapter.createNativeModules(ModuleRegistryAdapter.java:65)
08-14 00:40:04.230 20178 20327 E AndroidRuntime: 	at expo.modules.ExpoModulesPackage.createNativeModules(ExpoModulesPackage.kt:35)
08-14 00:40:04.230 20178 20327 E AndroidRuntime: 	at com.facebook.react.ReactPackageTurboModuleManagerDelegate.initialize(ReactPackageTurboModuleManagerDelegate.kt:64)
08-14 00:40:04.230 20178 20327 E AndroidRuntime: 	at com.facebook.react.ReactPackageTurboModuleManagerDelegate.<init>(ReactPackageTurboModuleManagerDelegate.kt:42)
08-14 00:40:04.230 20178 20327 E AndroidRuntime: 	at com.facebook.react.defaults.DefaultTurboModuleManagerDelegate.<init>(DefaultTurboModuleManagerDelegate.kt:35)
08-14 00:40:04.230 20178 20327 E AndroidRuntime: 	at com.facebook.react.defaults.DefaultTurboModuleManagerDelegate.<init>(DefaultTurboModuleManagerDelegate.kt:0)
08-14 00:40:04.230 20178 20327 E AndroidRuntime: 	at com.facebook.react.defaults.DefaultTurboModuleManagerDelegate$Builder.build(DefaultTurboModuleManagerDelegate.kt:63)
08-14 00:40:04.230 20178 20327 E AndroidRuntime: 	at com.facebook.react.defaults.DefaultTurboModuleManagerDelegate$Builder.build(DefaultTurboModuleManagerDelegate.kt:43)
08-14 00:40:04.230 20178 20327 E AndroidRuntime: 	at com.facebook.react.ReactPackageTurboModuleManagerDelegate$Builder.build(ReactPackageTurboModuleManagerDelegate.kt:222)
08-14 00:40:04.230 20178 20327 E AndroidRuntime: 	at com.facebook.react.runtime.ReactInstance.<init>(ReactInstance.kt:183)
08-14 00:40:04.230 20178 20327 E AndroidRuntime: 	at com.facebook.react.runtime.ReactHostImpl.getOrCreateReactInstanceTask$lambda$45$lambda$41(ReactHostImpl.kt:1052)
08-14 00:40:04.230 20178 20327 E AndroidRuntime: 	at com.facebook.react.runtime.ReactHostImpl.$r8$lambda$SmdYI7igN6ETqUXjl3FigYM4DHc(ReactHostImpl.kt:0)
08-14 00:40:04.230 20178 20327 E AndroidRuntime: 	at com.facebook.react.runtime.ReactHostImpl$$ExternalSyntheticLambda43.then(D8$$SyntheticClass:0)
08-14 00:40:04.230 20178 20327 E AndroidRuntime: 	at com.facebook.react.runtime.internal.bolts.Task$Companion.completeImmediately$lambda$3(Task.kt:360)
08-14 00:40:04.230 20178 20327 E AndroidRuntime: 	at com.facebook.react.runtime.internal.bolts.Task$Companion.$r8$lambda$b7MTC0ufkn_2TjF4BGcNqGR9qK0(Task.kt:0)
08-14 00:40:04.230 20178 20327 E AndroidRuntime: 	at com.facebook.react.runtime.internal.bolts.Task$Companion$$ExternalSyntheticLambda3.run(D8$$SyntheticClass:0)
08-14 00:40:04.230 20178 20327 E AndroidRuntime: 	at com.facebook.react.runtime.internal.bolts.Executors$ImmediateExecutor.execute(Executors.kt:41)
08-14 00:40:04.230 20178 20327 E AndroidRuntime: 	at com.facebook.react.runtime.internal.bolts.Task$Companion.completeImmediately(Task.kt:358)
08-14 00:40:04.230 20178 20327 E AndroidRuntime: 	at com.facebook.react.runtime.internal.bolts.Task$Companion.access$completeImmediately(Task.kt:254)
08-14 00:40:04.230 20178 20327 E AndroidRuntime: 	at com.facebook.react.runtime.internal.bolts.Task.continueWith(Task.kt:133)
08-14 00:40:04.230 20178 20327 E AndroidRuntime: 	at com.facebook.react.runtime.internal.bolts.Task.continueWith$default(Task.kt:117)
08-14 00:40:04.230 20178 20327 E AndroidRuntime: 	at com.facebook.react.runtime.internal.bolts.Task.onSuccess$lambda$12(Task.kt:176)
08-14 00:40:04.230 20178 20327 E AndroidRuntime: 	at com.facebook.react.runtime.internal.bolts.Task.$r8$lambda$l0wwo5AvbHxlwfI1R7CH_codxoo(Task.kt:0)
08-14 00:40:04.230 20178 20327 E AndroidRuntime: 	at com.facebook.react.runtime.internal.bolts.Task$$ExternalSyntheticLambda2.then(D8$$SyntheticClass:0)
08-14 00:40:04.230 20178 20327 E AndroidRuntime: 	at com.facebook.react.runtime.internal.bolts.Task$Companion.completeAfterTask$lambda$5(Task.kt:394)
08-14 00:40:04.230 20178 20327 E AndroidRuntime: 	at com.facebook.react.runtime.internal.bolts.Task$Companion.$r8$lambda$IPpysnehFwANEiW061YzapkMdoE(Task.kt:0)
08-14 00:40:04.230 20178 20327 E AndroidRuntime: 	at com.facebook.react.runtime.internal.bolts.Task$Companion$$ExternalSyntheticLambda4.run(D8$$SyntheticClass:0)
08-14 00:40:04.230 20178 20327 E AndroidRuntime: 	at java.util.concurrent.ThreadPoolExecutor.runWorker(ThreadPoolExecutor.java:1100)
08-14 00:40:04.230 20178 20327 E AndroidRuntime: 	at java.util.concurrent.ThreadPoolExecutor$Worker.run(ThreadPoolExecutor.java:624)
08-14 00:40:04.230 20178 20327 E AndroidRuntime: 	at java.lang.Thread.run(Thread.java:1572)
08-14 00:40:13.499 20645 20830 E AndroidRuntime: FATAL EXCEPTION: pool-2-thread-1
08-14 00:40:13.499 20645 20830 E AndroidRuntime: Process: io.github.imksh.hireme, PID: 20645
08-14 00:40:13.499 20645 20830 E AndroidRuntime: java.lang.UnsatisfiedLinkError: dlopen failed: cannot locate symbol "_ZNKR8facebook3jsi5Value8asObjectERNS0_7RuntimeE" referenced by "/data/app/~~sMYK1XTkrDmI2SXMrzPN6w==/io.github.imksh.hireme-a5iXff32v7AwD78HgXD5pg==/base.apk!/lib/arm64-v8a/libexpo-av.so"...
08-14 00:40:13.499 20645 20830 E AndroidRuntime: 	at java.lang.Runtime.loadLibrary0(Runtime.java:1111)
08-14 00:40:13.499 20645 20830 E AndroidRuntime: 	at java.lang.Runtime.loadLibrary0(Runtime.java:1033)
08-14 00:40:13.499 20645 20830 E AndroidRuntime: 	at java.lang.System.loadLibrary(System.java:1765)
08-14 00:40:13.499 20645 20830 E AndroidRuntime: 	at expo.modules.av.AVManager.<clinit>(AVManager.java:56)
08-14 00:40:13.499 20645 20830 E AndroidRuntime: 	at expo.modules.av.AVPackage.createInternalModules(AVPackage.java:16)
08-14 00:40:13.499 20645 20830 E AndroidRuntime: 	at expo.modules.adapters.react.ReactModuleRegistryProvider.get(ReactModuleRegistryProvider.java:47)
08-14 00:40:13.499 20645 20830 E AndroidRuntime: 	at expo.modules.adapters.react.ModuleRegistryAdapter.getOrCreateNativeModulesProxy(ModuleRegistryAdapter.java:136)
08-14 00:40:13.499 20645 20830 E AndroidRuntime: 	at expo.modules.adapters.react.ModuleRegistryAdapter.createNativeModules(ModuleRegistryAdapter.java:65)
08-14 00:40:13.499 20645 20830 E AndroidRuntime: 	at expo.modules.ExpoModulesPackage.createNativeModules(ExpoModulesPackage.kt:35)
08-14 00:40:13.499 20645 20830 E AndroidRuntime: 	at com.facebook.react.ReactPackageTurboModuleManagerDelegate.initialize(ReactPackageTurboModuleManagerDelegate.kt:64)
08-14 00:40:13.499 20645 20830 E AndroidRuntime: 	at com.facebook.react.ReactPackageTurboModuleManagerDelegate.<init>(ReactPackageTurboModuleManagerDelegate.kt:42)
08-14 00:40:13.499 20645 20830 E AndroidRuntime: 	at com.facebook.react.defaults.DefaultTurboModuleManagerDelegate.<init>(DefaultTurboModuleManagerDelegate.kt:35)
08-14 00:40:13.499 20645 20830 E AndroidRuntime: 	at com.facebook.react.defaults.DefaultTurboModuleManagerDelegate.<init>(DefaultTurboModuleManagerDelegate.kt:0)
08-14 00:40:13.499 20645 20830 E AndroidRuntime: 	at com.facebook.react.defaults.DefaultTurboModuleManagerDelegate$Builder.build(DefaultTurboModuleManagerDelegate.kt:63)
08-14 00:40:13.499 20645 20830 E AndroidRuntime: 	at com.facebook.react.defaults.DefaultTurboModuleManagerDelegate$Builder.build(DefaultTurboModuleManagerDelegate.kt:43)
08-14 00:40:13.499 20645 20830 E AndroidRuntime: 	at com.facebook.react.ReactPackageTurboModuleManagerDelegate$Builder.build(ReactPackageTurboModuleManagerDelegate.kt:222)
08-14 00:40:13.499 20645 20830 E AndroidRuntime: 	at com.facebook.react.runtime.ReactInstance.<init>(ReactInstance.kt:183)
08-14 00:40:13.499 20645 20830 E AndroidRuntime: 	at com.facebook.react.runtime.ReactHostImpl.getOrCreateReactInstanceTask$lambda$45$lambda$41(ReactHostImpl.kt:1052)
08-14 00:40:13.499 20645 20830 E AndroidRuntime: 	at com.facebook.react.runtime.ReactHostImpl.$r8$lambda$SmdYI7igN6ETqUXjl3FigYM4DHc(ReactHostImpl.kt:0)
08-14 00:40:13.499 20645 20830 E AndroidRuntime: 	at com.facebook.react.runtime.ReactHostImpl$$ExternalSyntheticLambda43.then(D8$$SyntheticClass:0)
08-14 00:40:13.499 20645 20830 E AndroidRuntime: 	at com.facebook.react.runtime.internal.bolts.Task$Companion.completeImmediately$lambda$3(Task.kt:360)
08-14 00:40:13.499 20645 20830 E AndroidRuntime: 	at com.facebook.react.runtime.internal.bolts.Task$Companion.$r8$lambda$b7MTC0ufkn_2TjF4BGcNqGR9qK0(Task.kt:0)
08-14 00:40:13.499 20645 20830 E AndroidRuntime: 	at com.facebook.react.runtime.internal.bolts.Task$Companion$$ExternalSyntheticLambda3.run(D8$$SyntheticClass:0)
08-14 00:40:13.499 20645 20830 E AndroidRuntime: 	at com.facebook.react.runtime.internal.bolts.Executors$ImmediateExecutor.execute(Executors.kt:41)
08-14 00:40:13.499 20645 20830 E AndroidRuntime: 	at com.facebook.react.runtime.internal.bolts.Task$Companion.completeImmediately(Task.kt:358)
08-14 00:40:13.499 20645 20830 E AndroidRuntime: 	at com.facebook.react.runtime.internal.bolts.Task$Companion.access$completeImmediately(Task.kt:254)
08-14 00:40:13.499 20645 20830 E AndroidRuntime: 	at com.facebook.react.runtime.internal.bolts.Task.continueWith(Task.kt:133)
08-14 00:40:13.499 20645 20830 E AndroidRuntime: 	at com.facebook.react.runtime.internal.bolts.Task.continueWith$default(Task.kt:117)
08-14 00:40:13.499 20645 20830 E AndroidRuntime: 	at com.facebook.react.runtime.internal.bolts.Task.onSuccess$lambda$12(Task.kt:176)
08-14 00:40:13.499 20645 20830 E AndroidRuntime: 	at com.facebook.react.runtime.internal.bolts.Task.$r8$lambda$l0wwo5AvbHxlwfI1R7CH_codxoo(Task.kt:0)
08-14 00:40:13.499 20645 20830 E AndroidRuntime: 	at com.facebook.react.runtime.internal.bolts.Task$$ExternalSyntheticLambda2.then(D8$$SyntheticClass:0)
08-14 00:40:13.499 20645 20830 E AndroidRuntime: 	at com.facebook.react.runtime.internal.bolts.Task$Companion.completeAfterTask$lambda$5(Task.kt:394)
08-14 00:40:13.499 20645 20830 E AndroidRuntime: 	at com.facebook.react.runtime.internal.bolts.Task$Companion.$r8$lambda$IPpysnehFwANEiW061YzapkMdoE(Task.kt:0)
08-14 00:40:13.499 20645 20830 E AndroidRuntime: 	at com.facebook.react.runtime.internal.bolts.Task$Companion$$ExternalSyntheticLambda4.run(D8$$SyntheticClass:0)
08-14 00:40:13.499 20645 20830 E AndroidRuntime: 	at java.util.concurrent.ThreadPoolExecutor.runWorker(ThreadPoolExecutor.java:1100)
08-14 00:40:13.499 20645 20830 E AndroidRuntime: 	at java.util.concurrent.ThreadPoolExecutor$Worker.run(ThreadPoolExecutor.java:624)
08-14 00:40:13.499 20645 20830 E AndroidRuntime: 	at java.lang.Thread.run(Thread.java:1572)
08-14 00:40:44.328 21166 21362 E AndroidRuntime: FATAL EXCEPTION: pool-2-thread-1
08-14 00:40:44.328 21166 21362 E AndroidRuntime: Process: io.github.imksh.hireme, PID: 21166
08-14 00:40:44.328 21166 21362 E AndroidRuntime: java.lang.UnsatisfiedLinkError: dlopen failed: cannot locate symbol "_ZNKR8facebook3jsi5Value8asObjectERNS0_7RuntimeE" referenced by "/data/app/~~sMYK1XTkrDmI2SXMrzPN6w==/io.github.imksh.hireme-a5iXff32v7AwD78HgXD5pg==/base.apk!/lib/arm64-v8a/libexpo-av.so"...
08-14 00:40:44.328 21166 21362 E AndroidRuntime: 	at java.lang.Runtime.loadLibrary0(Runtime.java:1111)
08-14 00:40:44.328 21166 21362 E AndroidRuntime: 	at java.lang.Runtime.loadLibrary0(Runtime.java:1033)
08-14 00:40:44.328 21166 21362 E AndroidRuntime: 	at java.lang.System.loadLibrary(System.java:1765)
08-14 00:40:44.328 21166 21362 E AndroidRuntime: 	at expo.modules.av.AVManager.<clinit>(AVManager.java:56)
08-14 00:40:44.328 21166 21362 E AndroidRuntime: 	at expo.modules.av.AVPackage.createInternalModules(AVPackage.java:16)
08-14 00:40:44.328 21166 21362 E AndroidRuntime: 	at expo.modules.adapters.react.ReactModuleRegistryProvider.get(ReactModuleRegistryProvider.java:47)
08-14 00:40:44.328 21166 21362 E AndroidRuntime: 	at expo.modules.adapters.react.ModuleRegistryAdapter.getOrCreateNativeModulesProxy(ModuleRegistryAdapter.java:136)
08-14 00:40:44.328 21166 21362 E AndroidRuntime: 	at expo.modules.adapters.react.ModuleRegistryAdapter.createNativeModules(ModuleRegistryAdapter.java:65)
08-14 00:40:44.328 21166 21362 E AndroidRuntime: 	at expo.modules.ExpoModulesPackage.createNativeModules(ExpoModulesPackage.kt:35)
08-14 00:40:44.328 21166 21362 E AndroidRuntime: 	at com.facebook.react.ReactPackageTurboModuleManagerDelegate.initialize(ReactPackageTurboModuleManagerDelegate.kt:64)
08-14 00:40:44.328 21166 21362 E AndroidRuntime: 	at com.facebook.react.ReactPackageTurboModuleManagerDelegate.<init>(ReactPackageTurboModuleManagerDelegate.kt:42)
08-14 00:40:44.328 21166 21362 E AndroidRuntime: 	at com.facebook.react.defaults.DefaultTurboModuleManagerDelegate.<init>(DefaultTurboModuleManagerDelegate.kt:35)
08-14 00:40:44.328 21166 21362 E AndroidRuntime: 	at com.facebook.react.defaults.DefaultTurboModuleManagerDelegate.<init>(DefaultTurboModuleManagerDelegate.kt:0)
08-14 00:40:44.328 21166 21362 E AndroidRuntime: 	at com.facebook.react.defaults.DefaultTurboModuleManagerDelegate$Builder.build(DefaultTurboModuleManagerDelegate.kt:63)
08-14 00:40:44.328 21166 21362 E AndroidRuntime: 	at com.facebook.react.defaults.DefaultTurboModuleManagerDelegate$Builder.build(DefaultTurboModuleManagerDelegate.kt:43)
08-14 00:40:44.328 21166 21362 E AndroidRuntime: 	at com.facebook.react.ReactPackageTurboModuleManagerDelegate$Builder.build(ReactPackageTurboModuleManagerDelegate.kt:222)
08-14 00:40:44.328 21166 21362 E AndroidRuntime: 	at com.facebook.react.runtime.ReactInstance.<init>(ReactInstance.kt:183)
08-14 00:40:44.328 21166 21362 E AndroidRuntime: 	at com.facebook.react.runtime.ReactHostImpl.getOrCreateReactInstanceTask$lambda$45$lambda$41(ReactHostImpl.kt:1052)
08-14 00:40:44.328 21166 21362 E AndroidRuntime: 	at com.facebook.react.runtime.ReactHostImpl.$r8$lambda$SmdYI7igN6ETqUXjl3FigYM4DHc(ReactHostImpl.kt:0)
08-14 00:40:44.328 21166 21362 E AndroidRuntime: 	at com.facebook.react.runtime.ReactHostImpl$$ExternalSyntheticLambda43.then(D8$$SyntheticClass:0)
08-14 00:40:44.328 21166 21362 E AndroidRuntime: 	at com.facebook.react.runtime.internal.bolts.Task$Companion.completeImmediately$lambda$3(Task.kt:360)
08-14 00:40:44.328 21166 21362 E AndroidRuntime: 	at com.facebook.react.runtime.internal.bolts.Task$Companion.$r8$lambda$b7MTC0ufkn_2TjF4BGcNqGR9qK0(Task.kt:0)
08-14 00:40:44.328 21166 21362 E AndroidRuntime: 	at com.facebook.react.runtime.internal.bolts.Task$Companion$$ExternalSyntheticLambda3.run(D8$$SyntheticClass:0)
08-14 00:40:44.328 21166 21362 E AndroidRuntime: 	at com.facebook.react.runtime.internal.bolts.Executors$ImmediateExecutor.execute(Executors.kt:41)
08-14 00:40:44.328 21166 21362 E AndroidRuntime: 	at com.facebook.react.runtime.internal.bolts.Task$Companion.completeImmediately(Task.kt:358)
08-14 00:40:44.328 21166 21362 E AndroidRuntime: 	at com.facebook.react.runtime.internal.bolts.Task$Companion.access$completeImmediately(Task.kt:254)
08-14 00:40:44.328 21166 21362 E AndroidRuntime: 	at com.facebook.react.runtime.internal.bolts.Task.continueWith(Task.kt:133)
08-14 00:40:44.328 21166 21362 E AndroidRuntime: 	at com.facebook.react.runtime.internal.bolts.Task.continueWith$default(Task.kt:117)
08-14 00:40:44.328 21166 21362 E AndroidRuntime: 	at com.facebook.react.runtime.internal.bolts.Task.onSuccess$lambda$12(Task.kt:176)
08-14 00:40:44.328 21166 21362 E AndroidRuntime: 	at com.facebook.react.runtime.internal.bolts.Task.$r8$lambda$l0wwo5AvbHxlwfI1R7CH_codxoo(Task.kt:0)
08-14 00:40:44.328 21166 21362 E AndroidRuntime: 	at com.facebook.react.runtime.internal.bolts.Task$$ExternalSyntheticLambda2.then(D8$$SyntheticClass:0)
08-14 00:40:44.328 21166 21362 E AndroidRuntime: 	at com.facebook.react.runtime.internal.bolts.Task$Companion.completeAfterTask$lambda$5(Task.kt:394)
08-14 00:40:44.328 21166 21362 E AndroidRuntime: 	at com.facebook.react.runtime.internal.bolts.Task$Companion.$r8$lambda$IPpysnehFwANEiW061YzapkMdoE(Task.kt:0)
08-14 00:40:44.328 21166 21362 E AndroidRuntime: 	at com.facebook.react.runtime.internal.bolts.Task$Companion$$ExternalSyntheticLambda4.run(D8$$SyntheticClass:0)
08-14 00:40:44.328 21166 21362 E AndroidRuntime: 	at java.util.concurrent.ThreadPoolExecutor.runWorker(ThreadPoolExecutor.java:1100)
08-14 00:40:44.328 21166 21362 E AndroidRuntime: 	at java.util.concurrent.ThreadPoolExecutor$Worker.run(ThreadPoolExecutor.java:624)
08-14 00:40:44.328 21166 21362 E AndroidRuntime: 	at java.lang.Thread.run(Thread.java:1572)
08-14 00:41:01.656 21705 21900 E AndroidRuntime: FATAL EXCEPTION: pool-2-thread-1
08-14 00:41:01.656 21705 21900 E AndroidRuntime: Process: io.github.imksh.hireme, PID: 21705
08-14 00:41:01.656 21705 21900 E AndroidRuntime: java.lang.UnsatisfiedLinkError: dlopen failed: cannot locate symbol "_ZNKR8facebook3jsi5Value8asObjectERNS0_7RuntimeE" referenced by "/data/app/~~sMYK1XTkrDmI2SXMrzPN6w==/io.github.imksh.hireme-a5iXff32v7AwD78HgXD5pg==/base.apk!/lib/arm64-v8a/libexpo-av.so"...
08-14 00:41:01.656 21705 21900 E AndroidRuntime: 	at java.lang.Runtime.loadLibrary0(Runtime.java:1111)
08-14 00:41:01.656 21705 21900 E AndroidRuntime: 	at java.lang.Runtime.loadLibrary0(Runtime.java:1033)
08-14 00:41:01.656 21705 21900 E AndroidRuntime: 	at java.lang.System.loadLibrary(System.java:1765)
08-14 00:41:01.656 21705 21900 E AndroidRuntime: 	at expo.modules.av.AVManager.<clinit>(AVManager.java:56)
08-14 00:41:01.656 21705 21900 E AndroidRuntime: 	at expo.modules.av.AVPackage.createInternalModules(AVPackage.java:16)
08-14 00:41:01.656 21705 21900 E AndroidRuntime: 	at expo.modules.adapters.react.ReactModuleRegistryProvider.get(ReactModuleRegistryProvider.java:47)
08-14 00:41:01.656 21705 21900 E AndroidRuntime: 	at expo.modules.adapters.react.ModuleRegistryAdapter.getOrCreateNativeModulesProxy(ModuleRegistryAdapter.java:136)
08-14 00:41:01.656 21705 21900 E AndroidRuntime: 	at expo.modules.adapters.react.ModuleRegistryAdapter.createNativeModules(ModuleRegistryAdapter.java:65)
08-14 00:41:01.656 21705 21900 E AndroidRuntime: 	at expo.modules.ExpoModulesPackage.createNativeModules(ExpoModulesPackage.kt:35)
08-14 00:41:01.656 21705 21900 E AndroidRuntime: 	at com.facebook.react.ReactPackageTurboModuleManagerDelegate.initialize(ReactPackageTurboModuleManagerDelegate.kt:64)
08-14 00:41:01.656 21705 21900 E AndroidRuntime: 	at com.facebook.react.ReactPackageTurboModuleManagerDelegate.<init>(ReactPackageTurboModuleManagerDelegate.kt:42)
08-14 00:41:01.656 21705 21900 E AndroidRuntime: 	at com.facebook.react.defaults.DefaultTurboModuleManagerDelegate.<init>(DefaultTurboModuleManagerDelegate.kt:35)
08-14 00:41:01.656 21705 21900 E AndroidRuntime: 	at com.facebook.react.defaults.DefaultTurboModuleManagerDelegate.<init>(DefaultTurboModuleManagerDelegate.kt:0)
08-14 00:41:01.656 21705 21900 E AndroidRuntime: 	at com.facebook.react.defaults.DefaultTurboModuleManagerDelegate$Builder.build(DefaultTurboModuleManagerDelegate.kt:63)
08-14 00:41:01.656 21705 21900 E AndroidRuntime: 	at com.facebook.react.defaults.DefaultTurboModuleManagerDelegate$Builder.build(DefaultTurboModuleManagerDelegate.kt:43)
08-14 00:41:01.656 21705 21900 E AndroidRuntime: 	at com.facebook.react.ReactPackageTurboModuleManagerDelegate$Builder.build(ReactPackageTurboModuleManagerDelegate.kt:222)
08-14 00:41:01.656 21705 21900 E AndroidRuntime: 	at com.facebook.react.runtime.ReactInstance.<init>(ReactInstance.kt:183)
08-14 00:41:01.656 21705 21900 E AndroidRuntime: 	at com.facebook.react.runtime.ReactHostImpl.getOrCreateReactInstanceTask$lambda$45$lambda$41(ReactHostImpl.kt:1052)
08-14 00:41:01.656 21705 21900 E AndroidRuntime: 	at com.facebook.react.runtime.ReactHostImpl.$r8$lambda$SmdYI7igN6ETqUXjl3FigYM4DHc(ReactHostImpl.kt:0)
08-14 00:41:01.656 21705 21900 E AndroidRuntime: 	at com.facebook.react.runtime.ReactHostImpl$$ExternalSyntheticLambda43.then(D8$$SyntheticClass:0)
08-14 00:41:01.656 21705 21900 E AndroidRuntime: 	at com.facebook.react.runtime.internal.bolts.Task$Companion.completeImmediately$lambda$3(Task.kt:360)
08-14 00:41:01.656 21705 21900 E AndroidRuntime: 	at com.facebook.react.runtime.internal.bolts.Task$Companion.$r8$lambda$b7MTC0ufkn_2TjF4BGcNqGR9qK0(Task.kt:0)
08-14 00:41:01.656 21705 21900 E AndroidRuntime: 	at com.facebook.react.runtime.internal.bolts.Task$Companion$$ExternalSyntheticLambda3.run(D8$$SyntheticClass:0)
08-14 00:41:01.656 21705 21900 E AndroidRuntime: 	at com.facebook.react.runtime.internal.bolts.Executors$ImmediateExecutor.execute(Executors.kt:41)
08-14 00:41:01.656 21705 21900 E AndroidRuntime: 	at com.facebook.react.runtime.internal.bolts.Task$Companion.completeImmediately(Task.kt:358)
08-14 00:41:01.656 21705 21900 E AndroidRuntime: 	at com.facebook.react.runtime.internal.bolts.Task$Companion.access$completeImmediately(Task.kt:254)
08-14 00:41:01.656 21705 21900 E AndroidRuntime: 	at com.facebook.react.runtime.internal.bolts.Task.continueWith(Task.kt:133)
08-14 00:41:01.656 21705 21900 E AndroidRuntime: 	at com.facebook.react.runtime.internal.bolts.Task.continueWith$default(Task.kt:117)
08-14 00:41:01.656 21705 21900 E AndroidRuntime: 	at com.facebook.react.runtime.internal.bolts.Task.onSuccess$lambda$12(Task.kt:176)
08-14 00:41:01.656 21705 21900 E AndroidRuntime: 	at com.facebook.react.runtime.internal.bolts.Task.$r8$lambda$l0wwo5AvbHxlwfI1R7CH_codxoo(Task.kt:0)
08-14 00:41:01.656 21705 21900 E AndroidRuntime: 	at com.facebook.react.runtime.internal.bolts.Task$$ExternalSyntheticLambda2.then(D8$$SyntheticClass:0)
08-14 00:41:01.656 21705 21900 E AndroidRuntime: 	at com.facebook.react.runtime.internal.bolts.Task$Companion.completeAfterTask$lambda$5(Task.kt:394)
08-14 00:41:01.656 21705 21900 E AndroidRuntime: 	at com.facebook.react.runtime.internal.bolts.Task$Companion.$r8$lambda$IPpysnehFwANEiW061YzapkMdoE(Task.kt:0)
08-14 00:41:01.656 21705 21900 E AndroidRuntime: 	at com.facebook.react.runtime.internal.bolts.Task$Companion$$ExternalSyntheticLambda4.run(D8$$SyntheticClass:0)
08-14 00:41:01.656 21705 21900 E AndroidRuntime: 	at java.util.concurrent.ThreadPoolExecutor.runWorker(ThreadPoolExecutor.java:1100)
08-14 00:41:01.656 21705 21900 E AndroidRuntime: 	at java.util.concurrent.ThreadPoolExecutor$Worker.run(ThreadPoolExecutor.java:624)
08-14 00:41:01.656 21705 21900 E AndroidRuntime: 	at java.lang.Thread.run(Thread.java:1572)
08-14 00:41:29.986 22296 22528 E AndroidRuntime: FATAL EXCEPTION: pool-2-thread-1
08-14 00:41:29.986 22296 22528 E AndroidRuntime: Process: io.github.imksh.hireme, PID: 22296
08-14 00:41:29.986 22296 22528 E AndroidRuntime: java.lang.UnsatisfiedLinkError: dlopen failed: cannot locate symbol "_ZNKR8facebook3jsi5Value8asObjectERNS0_7RuntimeE" referenced by "/data/app/~~MLorb3hNfqjC-K1TxuSY7w==/io.github.imksh.hireme-X3TbiMgdVziLbIqdc4ulfQ==/base.apk!/lib/arm64-v8a/libexpo-av.so"...
08-14 00:41:29.986 22296 22528 E AndroidRuntime: 	at java.lang.Runtime.loadLibrary0(Runtime.java:1111)
08-14 00:41:29.986 22296 22528 E AndroidRuntime: 	at java.lang.Runtime.loadLibrary0(Runtime.java:1033)
08-14 00:41:29.986 22296 22528 E AndroidRuntime: 	at java.lang.System.loadLibrary(System.java:1765)
08-14 00:41:29.986 22296 22528 E AndroidRuntime: 	at expo.modules.av.AVManager.<clinit>(AVManager.java:56)
08-14 00:41:29.986 22296 22528 E AndroidRuntime: 	at expo.modules.av.AVPackage.createInternalModules(AVPackage.java:16)
08-14 00:41:29.986 22296 22528 E AndroidRuntime: 	at expo.modules.adapters.react.ReactModuleRegistryProvider.get(ReactModuleRegistryProvider.java:47)
08-14 00:41:29.986 22296 22528 E AndroidRuntime: 	at expo.modules.adapters.react.ModuleRegistryAdapter.getOrCreateNativeModulesProxy(ModuleRegistryAdapter.java:136)
08-14 00:41:29.986 22296 22528 E AndroidRuntime: 	at expo.modules.adapters.react.ModuleRegistryAdapter.createNativeModules(ModuleRegistryAdapter.java:65)
08-14 00:41:29.986 22296 22528 E AndroidRuntime: 	at expo.modules.ExpoModulesPackage.createNativeModules(ExpoModulesPackage.kt:35)
08-14 00:41:29.986 22296 22528 E AndroidRuntime: 	at com.facebook.react.ReactPackageTurboModuleManagerDelegate.initialize(ReactPackageTurboModuleManagerDelegate.kt:64)
08-14 00:41:29.986 22296 22528 E AndroidRuntime: 	at com.facebook.react.ReactPackageTurboModuleManagerDelegate.<init>(ReactPackageTurboModuleManagerDelegate.kt:42)
08-14 00:41:29.986 22296 22528 E AndroidRuntime: 	at com.facebook.react.defaults.DefaultTurboModuleManagerDelegate.<init>(DefaultTurboModuleManagerDelegate.kt:35)
08-14 00:41:29.986 22296 22528 E AndroidRuntime: 	at com.facebook.react.defaults.DefaultTurboModuleManagerDelegate.<init>(DefaultTurboModuleManagerDelegate.kt:0)
08-14 00:41:29.986 22296 22528 E AndroidRuntime: 	at com.facebook.react.defaults.DefaultTurboModuleManagerDelegate$Builder.build(DefaultTurboModuleManagerDelegate.kt:63)
08-14 00:41:29.986 22296 22528 E AndroidRuntime: 	at com.facebook.react.defaults.DefaultTurboModuleManagerDelegate$Builder.build(DefaultTurboModuleManagerDelegate.kt:43)
08-14 00:41:29.986 22296 22528 E AndroidRuntime: 	at com.facebook.react.ReactPackageTurboModuleManagerDelegate$Builder.build(ReactPackageTurboModuleManagerDelegate.kt:222)
08-14 00:41:29.986 22296 22528 E AndroidRuntime: 	at com.facebook.react.runtime.ReactInstance.<init>(ReactInstance.kt:183)
08-14 00:41:29.986 22296 22528 E AndroidRuntime: 	at com.facebook.react.runtime.ReactHostImpl.getOrCreateReactInstanceTask$lambda$45$lambda$41(ReactHostImpl.kt:1052)
08-14 00:41:29.986 22296 22528 E AndroidRuntime: 	at com.facebook.react.runtime.ReactHostImpl.$r8$lambda$SmdYI7igN6ETqUXjl3FigYM4DHc(ReactHostImpl.kt:0)
08-14 00:41:29.986 22296 22528 E AndroidRuntime: 	at com.facebook.react.runtime.ReactHostImpl$$ExternalSyntheticLambda43.then(D8$$SyntheticClass:0)
08-14 00:41:29.986 22296 22528 E AndroidRuntime: 	at com.facebook.react.runtime.internal.bolts.Task$Companion.completeImmediately$lambda$3(Task.kt:360)
08-14 00:41:29.986 22296 22528 E AndroidRuntime: 	at com.facebook.react.runtime.internal.bolts.Task$Companion.$r8$lambda$b7MTC0ufkn_2TjF4BGcNqGR9qK0(Task.kt:0)
08-14 00:41:29.986 22296 22528 E AndroidRuntime: 	at com.facebook.react.runtime.internal.bolts.Task$Companion$$ExternalSyntheticLambda3.run(D8$$SyntheticClass:0)
08-14 00:41:29.986 22296 22528 E AndroidRuntime: 	at com.facebook.react.runtime.internal.bolts.Executors$ImmediateExecutor.execute(Executors.kt:41)
08-14 00:41:29.986 22296 22528 E AndroidRuntime: 	at com.facebook.react.runtime.internal.bolts.Task$Companion.completeImmediately(Task.kt:358)
08-14 00:41:29.986 22296 22528 E AndroidRuntime: 	at com.facebook.react.runtime.internal.bolts.Task$Companion.access$completeImmediately(Task.kt:254)
08-14 00:41:29.986 22296 22528 E AndroidRuntime: 	at com.facebook.react.runtime.internal.bolts.Task.continueWith(Task.kt:133)
08-14 00:41:29.986 22296 22528 E AndroidRuntime: 	at com.facebook.react.runtime.internal.bolts.Task.continueWith$default(Task.kt:117)
08-14 00:41:29.986 22296 22528 E AndroidRuntime: 	at com.facebook.react.runtime.internal.bolts.Task.onSuccess$lambda$12(Task.kt:176)
08-14 00:41:29.986 22296 22528 E AndroidRuntime: 	at com.facebook.react.runtime.internal.bolts.Task.$r8$lambda$l0wwo5AvbHxlwfI1R7CH_codxoo(Task.kt:0)
08-14 00:41:29.986 22296 22528 E AndroidRuntime: 	at com.facebook.react.runtime.internal.bolts.Task$$ExternalSyntheticLambda2.then(D8$$SyntheticClass:0)
08-14 00:41:29.986 22296 22528 E AndroidRuntime: 	at com.facebook.react.runtime.internal.bolts.Task$Companion.completeAfterTask$lambda$5(Task.kt:394)
08-14 00:41:29.986 22296 22528 E AndroidRuntime: 	at com.facebook.react.runtime.internal.bolts.Task$Companion.$r8$lambda$IPpysnehFwANEiW061YzapkMdoE(Task.kt:0)
08-14 00:41:29.986 22296 22528 E AndroidRuntime: 	at com.facebook.react.runtime.internal.bolts.Task$Companion$$ExternalSyntheticLambda4.run(D8$$SyntheticClass:0)
08-14 00:41:29.986 22296 22528 E AndroidRuntime: 	at java.util.concurrent.ThreadPoolExecutor.runWorker(ThreadPoolExecutor.java:1100)
08-14 00:41:29.986 22296 22528 E AndroidRuntime: 	at java.util.concurrent.ThreadPoolExecutor$Worker.run(ThreadPoolExecutor.java:624)
08-14 00:41:29.986 22296 22528 E AndroidRuntime: 	at java.lang.Thread.run(Thread.java:1572)
08-14 00:42:10.196 23158 23366 E AndroidRuntime: FATAL EXCEPTION: pool-2-thread-1
08-14 00:42:10.196 23158 23366 E AndroidRuntime: Process: io.github.imksh.hireme, PID: 23158
08-14 00:42:10.196 23158 23366 E AndroidRuntime: java.lang.UnsatisfiedLinkError: dlopen failed: cannot locate symbol "_ZNKR8facebook3jsi5Value8asObjectERNS0_7RuntimeE" referenced by "/data/app/~~MLorb3hNfqjC-K1TxuSY7w==/io.github.imksh.hireme-X3TbiMgdVziLbIqdc4ulfQ==/base.apk!/lib/arm64-v8a/libexpo-av.so"...
08-14 00:42:10.196 23158 23366 E AndroidRuntime: 	at java.lang.Runtime.loadLibrary0(Runtime.java:1111)
08-14 00:42:10.196 23158 23366 E AndroidRuntime: 	at java.lang.Runtime.loadLibrary0(Runtime.java:1033)
08-14 00:42:10.196 23158 23366 E AndroidRuntime: 	at java.lang.System.loadLibrary(System.java:1765)
08-14 00:42:10.196 23158 23366 E AndroidRuntime: 	at expo.modules.av.AVManager.<clinit>(AVManager.java:56)
08-14 00:42:10.196 23158 23366 E AndroidRuntime: 	at expo.modules.av.AVPackage.createInternalModules(AVPackage.java:16)
08-14 00:42:10.196 23158 23366 E AndroidRuntime: 	at expo.modules.adapters.react.ReactModuleRegistryProvider.get(ReactModuleRegistryProvider.java:47)
08-14 00:42:10.196 23158 23366 E AndroidRuntime: 	at expo.modules.adapters.react.ModuleRegistryAdapter.getOrCreateNativeModulesProxy(ModuleRegistryAdapter.java:136)
08-14 00:42:10.196 23158 23366 E AndroidRuntime: 	at expo.modules.adapters.react.ModuleRegistryAdapter.createNativeModules(ModuleRegistryAdapter.java:65)
08-14 00:42:10.196 23158 23366 E AndroidRuntime: 	at expo.modules.ExpoModulesPackage.createNativeModules(ExpoModulesPackage.kt:35)
08-14 00:42:10.196 23158 23366 E AndroidRuntime: 	at com.facebook.react.ReactPackageTurboModuleManagerDelegate.initialize(ReactPackageTurboModuleManagerDelegate.kt:64)
08-14 00:42:10.196 23158 23366 E AndroidRuntime: 	at com.facebook.react.ReactPackageTurboModuleManagerDelegate.<init>(ReactPackageTurboModuleManagerDelegate.kt:42)
08-14 00:42:10.196 23158 23366 E AndroidRuntime: 	at com.facebook.react.defaults.DefaultTurboModuleManagerDelegate.<init>(DefaultTurboModuleManagerDelegate.kt:35)
08-14 00:42:10.196 23158 23366 E AndroidRuntime: 	at com.facebook.react.defaults.DefaultTurboModuleManagerDelegate.<init>(DefaultTurboModuleManagerDelegate.kt:0)
08-14 00:42:10.196 23158 23366 E AndroidRuntime: 	at com.facebook.react.defaults.DefaultTurboModuleManagerDelegate$Builder.build(DefaultTurboModuleManagerDelegate.kt:63)
08-14 00:42:10.196 23158 23366 E AndroidRuntime: 	at com.facebook.react.defaults.DefaultTurboModuleManagerDelegate$Builder.build(DefaultTurboModuleManagerDelegate.kt:43)
08-14 00:42:10.196 23158 23366 E AndroidRuntime: 	at com.facebook.react.ReactPackageTurboModuleManagerDelegate$Builder.build(ReactPackageTurboModuleManagerDelegate.kt:222)
08-14 00:42:10.196 23158 23366 E AndroidRuntime: 	at com.facebook.react.runtime.ReactInstance.<init>(ReactInstance.kt:183)
08-14 00:42:10.196 23158 23366 E AndroidRuntime: 	at com.facebook.react.runtime.ReactHostImpl.getOrCreateReactInstanceTask$lambda$45$lambda$41(ReactHostImpl.kt:1052)
08-14 00:42:10.196 23158 23366 E AndroidRuntime: 	at com.facebook.react.runtime.ReactHostImpl.$r8$lambda$SmdYI7igN6ETqUXjl3FigYM4DHc(ReactHostImpl.kt:0)
08-14 00:42:10.196 23158 23366 E AndroidRuntime: 	at com.facebook.react.runtime.ReactHostImpl$$ExternalSyntheticLambda43.then(D8$$SyntheticClass:0)
08-14 00:42:10.196 23158 23366 E AndroidRuntime: 	at com.facebook.react.runtime.internal.bolts.Task$Companion.completeImmediately$lambda$3(Task.kt:360)
08-14 00:42:10.196 23158 23366 E AndroidRuntime: 	at com.facebook.react.runtime.internal.bolts.Task$Companion.$r8$lambda$b7MTC0ufkn_2TjF4BGcNqGR9qK0(Task.kt:0)
08-14 00:42:10.196 23158 23366 E AndroidRuntime: 	at com.facebook.react.runtime.internal.bolts.Task$Companion$$ExternalSyntheticLambda3.run(D8$$SyntheticClass:0)
08-14 00:42:10.196 23158 23366 E AndroidRuntime: 	at com.facebook.react.runtime.internal.bolts.Executors$ImmediateExecutor.execute(Executors.kt:41)
08-14 00:42:10.196 23158 23366 E AndroidRuntime: 	at com.facebook.react.runtime.internal.bolts.Task$Companion.completeImmediately(Task.kt:358)
08-14 00:42:10.196 23158 23366 E AndroidRuntime: 	at com.facebook.react.runtime.internal.bolts.Task$Companion.access$completeImmediately(Task.kt:254)
08-14 00:42:10.196 23158 23366 E AndroidRuntime: 	at com.facebook.react.runtime.internal.bolts.Task.continueWith(Task.kt:133)
08-14 00:42:10.196 23158 23366 E AndroidRuntime: 	at com.facebook.react.runtime.internal.bolts.Task.continueWith$default(Task.kt:117)
08-14 00:42:10.196 23158 23366 E AndroidRuntime: 	at com.facebook.react.runtime.internal.bolts.Task.onSuccess$lambda$12(Task.kt:176)
08-14 00:42:10.196 23158 23366 E AndroidRuntime: 	at com.facebook.react.runtime.internal.bolts.Task.$r8$lambda$l0wwo5AvbHxlwfI1R7CH_codxoo(Task.kt:0)
08-14 00:42:10.196 23158 23366 E AndroidRuntime: 	at com.facebook.react.runtime.internal.bolts.Task$$ExternalSyntheticLambda2.then(D8$$SyntheticClass:0)
08-14 00:42:10.196 23158 23366 E AndroidRuntime: 	at com.facebook.react.runtime.internal.bolts.Task$Companion.completeAfterTask$lambda$5(Task.kt:394)
08-14 00:42:10.196 23158 23366 E AndroidRuntime: 	at com.facebook.react.runtime.internal.bolts.Task$Companion.$r8$lambda$IPpysnehFwANEiW061YzapkMdoE(Task.kt:0)
08-14 00:42:10.196 23158 23366 E AndroidRuntime: 	at com.facebook.react.runtime.internal.bolts.Task$Companion$$ExternalSyntheticLambda4.run(D8$$SyntheticClass:0)
08-14 00:42:10.196 23158 23366 E AndroidRuntime: 	at java.util.concurrent.ThreadPoolExecutor.runWorker(ThreadPoolExecutor.java:1100)
08-14 00:42:10.196 23158 23366 E AndroidRuntime: 	at java.util.concurrent.ThreadPoolExecutor$Worker.run(ThreadPoolExecutor.java:624)
08-14 00:42:10.196 23158 23366 E AndroidRuntime: 	at java.lang.Thread.run(Thread.java:1572)
08-14 00:54:45.836 30143 30407 E AndroidRuntime: FATAL EXCEPTION: pool-2-thread-1
08-14 00:54:45.836 30143 30407 E AndroidRuntime: Process: io.github.imksh.hireme, PID: 30143
08-14 00:54:45.836 30143 30407 E AndroidRuntime: java.lang.UnsatisfiedLinkError: dlopen failed: cannot locate symbol "_ZNKR8facebook3jsi5Value8asObjectERNS0_7RuntimeE" referenced by "/data/app/~~mT3zJ4o52b6d9wNFeHTC2Q==/io.github.imksh.hireme-alNt728C1478hyj1z5NerA==/base.apk!/lib/arm64-v8a/libexpo-av.so"...
08-14 00:54:45.836 30143 30407 E AndroidRuntime: 	at java.lang.Runtime.loadLibrary0(Runtime.java:1111)
08-14 00:54:45.836 30143 30407 E AndroidRuntime: 	at java.lang.Runtime.loadLibrary0(Runtime.java:1033)
08-14 00:54:45.836 30143 30407 E AndroidRuntime: 	at java.lang.System.loadLibrary(System.java:1765)
08-14 00:54:45.836 30143 30407 E AndroidRuntime: 	at expo.modules.av.AVManager.<clinit>(AVManager.java:56)
08-14 00:54:45.836 30143 30407 E AndroidRuntime: 	at expo.modules.av.AVPackage.createInternalModules(AVPackage.java:16)
08-14 00:54:45.836 30143 30407 E AndroidRuntime: 	at expo.modules.adapters.react.ReactModuleRegistryProvider.get(ReactModuleRegistryProvider.java:47)
08-14 00:54:45.836 30143 30407 E AndroidRuntime: 	at expo.modules.adapters.react.ModuleRegistryAdapter.getOrCreateNativeModulesProxy(ModuleRegistryAdapter.java:136)
08-14 00:54:45.836 30143 30407 E AndroidRuntime: 	at expo.modules.adapters.react.ModuleRegistryAdapter.createNativeModules(ModuleRegistryAdapter.java:65)
08-14 00:54:45.836 30143 30407 E AndroidRuntime: 	at expo.modules.ExpoModulesPackage.createNativeModules(ExpoModulesPackage.kt:35)
08-14 00:54:45.836 30143 30407 E AndroidRuntime: 	at com.facebook.react.ReactPackageTurboModuleManagerDelegate.initialize(ReactPackageTurboModuleManagerDelegate.kt:64)
08-14 00:54:45.836 30143 30407 E AndroidRuntime: 	at com.facebook.react.ReactPackageTurboModuleManagerDelegate.<init>(ReactPackageTurboModuleManagerDelegate.kt:42)
08-14 00:54:45.836 30143 30407 E AndroidRuntime: 	at com.facebook.react.defaults.DefaultTurboModuleManagerDelegate.<init>(DefaultTurboModuleManagerDelegate.kt:35)
08-14 00:54:45.836 30143 30407 E AndroidRuntime: 	at com.facebook.react.defaults.DefaultTurboModuleManagerDelegate.<init>(DefaultTurboModuleManagerDelegate.kt:0)
08-14 00:54:45.836 30143 30407 E AndroidRuntime: 	at com.facebook.react.defaults.DefaultTurboModuleManagerDelegate$Builder.build(DefaultTurboModuleManagerDelegate.kt:63)
08-14 00:54:45.836 30143 30407 E AndroidRuntime: 	at com.facebook.react.defaults.DefaultTurboModuleManagerDelegate$Builder.build(DefaultTurboModuleManagerDelegate.kt:43)
08-14 00:54:45.836 30143 30407 E AndroidRuntime: 	at com.facebook.react.ReactPackageTurboModuleManagerDelegate$Builder.build(ReactPackageTurboModuleManagerDelegate.kt:222)
08-14 00:54:45.836 30143 30407 E AndroidRuntime: 	at com.facebook.react.runtime.ReactInstance.<init>(ReactInstance.kt:183)
08-14 00:54:45.836 30143 30407 E AndroidRuntime: 	at com.facebook.react.runtime.ReactHostImpl.getOrCreateReactInstanceTask$lambda$45$lambda$41(ReactHostImpl.kt:1052)
08-14 00:54:45.836 30143 30407 E AndroidRuntime: 	at com.facebook.react.runtime.ReactHostImpl.$r8$lambda$SmdYI7igN6ETqUXjl3FigYM4DHc(ReactHostImpl.kt:0)
08-14 00:54:45.836 30143 30407 E AndroidRuntime: 	at com.facebook.react.runtime.ReactHostImpl$$ExternalSyntheticLambda43.then(D8$$SyntheticClass:0)
08-14 00:54:45.836 30143 30407 E AndroidRuntime: 	at com.facebook.react.runtime.internal.bolts.Task$Companion.completeImmediately$lambda$3(Task.kt:360)
08-14 00:54:45.836 30143 30407 E AndroidRuntime: 	at com.facebook.react.runtime.internal.bolts.Task$Companion.$r8$lambda$b7MTC0ufkn_2TjF4BGcNqGR9qK0(Task.kt:0)
08-14 00:54:45.836 30143 30407 E AndroidRuntime: 	at com.facebook.react.runtime.internal.bolts.Task$Companion$$ExternalSyntheticLambda3.run(D8$$SyntheticClass:0)
08-14 00:54:45.836 30143 30407 E AndroidRuntime: 	at com.facebook.react.runtime.internal.bolts.Executors$ImmediateExecutor.execute(Executors.kt:41)
08-14 00:54:45.836 30143 30407 E AndroidRuntime: 	at com.facebook.react.runtime.internal.bolts.Task$Companion.completeImmediately(Task.kt:358)
08-14 00:54:45.836 30143 30407 E AndroidRuntime: 	at com.facebook.react.runtime.internal.bolts.Task$Companion.access$completeImmediately(Task.kt:254)
08-14 00:54:45.836 30143 30407 E AndroidRuntime: 	at com.facebook.react.runtime.internal.bolts.Task.continueWith(Task.kt:133)
08-14 00:54:45.836 30143 30407 E AndroidRuntime: 	at com.facebook.react.runtime.internal.bolts.Task.continueWith$default(Task.kt:117)
08-14 00:54:45.836 30143 30407 E AndroidRuntime: 	at com.facebook.react.runtime.internal.bolts.Task.onSuccess$lambda$12(Task.kt:176)
08-14 00:54:45.836 30143 30407 E AndroidRuntime: 	at com.facebook.react.runtime.internal.bolts.Task.$r8$lambda$l0wwo5AvbHxlwfI1R7CH_codxoo(Task.kt:0)
08-14 00:54:45.836 30143 30407 E AndroidRuntime: 	at com.facebook.react.runtime.internal.bolts.Task$$ExternalSyntheticLambda2.then(D8$$SyntheticClass:0)
08-14 00:54:45.836 30143 30407 E AndroidRuntime: 	at com.facebook.react.runtime.internal.bolts.Task$Companion.completeAfterTask$lambda$5(Task.kt:394)
08-14 00:54:45.836 30143 30407 E AndroidRuntime: 	at com.facebook.react.runtime.internal.bolts.Task$Companion.$r8$lambda$IPpysnehFwANEiW061YzapkMdoE(Task.kt:0)
08-14 00:54:45.836 30143 30407 E AndroidRuntime: 	at com.facebook.react.runtime.internal.bolts.Task$Companion$$ExternalSyntheticLambda4.run(D8$$SyntheticClass:0)
08-14 00:54:45.836 30143 30407 E AndroidRuntime: 	at java.util.concurrent.ThreadPoolExecutor.runWorker(ThreadPoolExecutor.java:1100)
08-14 00:54:45.836 30143 30407 E AndroidRuntime: 	at java.util.concurrent.ThreadPoolExecutor$Worker.run(ThreadPoolExecutor.java:624)
08-14 00:54:45.836 30143 30407 E AndroidRuntime: 	at java.lang.Thread.run(Thread.java:1572)
08-14 00:55:59.434 31465 31658 E AndroidRuntime: FATAL EXCEPTION: pool-2-thread-1
08-14 00:55:59.434 31465 31658 E AndroidRuntime: Process: io.github.imksh.hireme, PID: 31465
08-14 00:55:59.434 31465 31658 E AndroidRuntime: java.lang.UnsatisfiedLinkError: dlopen failed: cannot locate symbol "_ZNKR8facebook3jsi5Value8asObjectERNS0_7RuntimeE" referenced by "/data/app/~~mT3zJ4o52b6d9wNFeHTC2Q==/io.github.imksh.hireme-alNt728C1478hyj1z5NerA==/base.apk!/lib/arm64-v8a/libexpo-av.so"...
08-14 00:55:59.434 31465 31658 E AndroidRuntime: 	at java.lang.Runtime.loadLibrary0(Runtime.java:1111)
08-14 00:55:59.434 31465 31658 E AndroidRuntime: 	at java.lang.Runtime.loadLibrary0(Runtime.java:1033)
08-14 00:55:59.434 31465 31658 E AndroidRuntime: 	at java.lang.System.loadLibrary(System.java:1765)
08-14 00:55:59.434 31465 31658 E AndroidRuntime: 	at expo.modules.av.AVManager.<clinit>(AVManager.java:56)
08-14 00:55:59.434 31465 31658 E AndroidRuntime: 	at expo.modules.av.AVPackage.createInternalModules(AVPackage.java:16)
08-14 00:55:59.434 31465 31658 E AndroidRuntime: 	at expo.modules.adapters.react.ReactModuleRegistryProvider.get(ReactModuleRegistryProvider.java:47)
08-14 00:55:59.434 31465 31658 E AndroidRuntime: 	at expo.modules.adapters.react.ModuleRegistryAdapter.getOrCreateNativeModulesProxy(ModuleRegistryAdapter.java:136)
08-14 00:55:59.434 31465 31658 E AndroidRuntime: 	at expo.modules.adapters.react.ModuleRegistryAdapter.createNativeModules(ModuleRegistryAdapter.java:65)
08-14 00:55:59.434 31465 31658 E AndroidRuntime: 	at expo.modules.ExpoModulesPackage.createNativeModules(ExpoModulesPackage.kt:35)
08-14 00:55:59.434 31465 31658 E AndroidRuntime: 	at com.facebook.react.ReactPackageTurboModuleManagerDelegate.initialize(ReactPackageTurboModuleManagerDelegate.kt:64)
08-14 00:55:59.434 31465 31658 E AndroidRuntime: 	at com.facebook.react.ReactPackageTurboModuleManagerDelegate.<init>(ReactPackageTurboModuleManagerDelegate.kt:42)
08-14 00:55:59.434 31465 31658 E AndroidRuntime: 	at com.facebook.react.defaults.DefaultTurboModuleManagerDelegate.<init>(DefaultTurboModuleManagerDelegate.kt:35)
08-14 00:55:59.434 31465 31658 E AndroidRuntime: 	at com.facebook.react.defaults.DefaultTurboModuleManagerDelegate.<init>(DefaultTurboModuleManagerDelegate.kt:0)
08-14 00:55:59.434 31465 31658 E AndroidRuntime: 	at com.facebook.react.defaults.DefaultTurboModuleManagerDelegate$Builder.build(DefaultTurboModuleManagerDelegate.kt:63)
08-14 00:55:59.434 31465 31658 E AndroidRuntime: 	at com.facebook.react.defaults.DefaultTurboModuleManagerDelegate$Builder.build(DefaultTurboModuleManagerDelegate.kt:43)
08-14 00:55:59.434 31465 31658 E AndroidRuntime: 	at com.facebook.react.ReactPackageTurboModuleManagerDelegate$Builder.build(ReactPackageTurboModuleManagerDelegate.kt:222)
08-14 00:55:59.434 31465 31658 E AndroidRuntime: 	at com.facebook.react.runtime.ReactInstance.<init>(ReactInstance.kt:183)
08-14 00:55:59.434 31465 31658 E AndroidRuntime: 	at com.facebook.react.runtime.ReactHostImpl.getOrCreateReactInstanceTask$lambda$45$lambda$41(ReactHostImpl.kt:1052)
08-14 00:55:59.434 31465 31658 E AndroidRuntime: 	at com.facebook.react.runtime.ReactHostImpl.$r8$lambda$SmdYI7igN6ETqUXjl3FigYM4DHc(ReactHostImpl.kt:0)
08-14 00:55:59.434 31465 31658 E AndroidRuntime: 	at com.facebook.react.runtime.ReactHostImpl$$ExternalSyntheticLambda43.then(D8$$SyntheticClass:0)
08-14 00:55:59.434 31465 31658 E AndroidRuntime: 	at com.facebook.react.runtime.internal.bolts.Task$Companion.completeImmediately$lambda$3(Task.kt:360)
08-14 00:55:59.434 31465 31658 E AndroidRuntime: 	at com.facebook.react.runtime.internal.bolts.Task$Companion.$r8$lambda$b7MTC0ufkn_2TjF4BGcNqGR9qK0(Task.kt:0)
08-14 00:55:59.434 31465 31658 E AndroidRuntime: 	at com.facebook.react.runtime.internal.bolts.Task$Companion$$ExternalSyntheticLambda3.run(D8$$SyntheticClass:0)
08-14 00:55:59.434 31465 31658 E AndroidRuntime: 	at com.facebook.react.runtime.internal.bolts.Executors$ImmediateExecutor.execute(Executors.kt:41)
08-14 00:55:59.434 31465 31658 E AndroidRuntime: 	at com.facebook.react.runtime.internal.bolts.Task$Companion.completeImmediately(Task.kt:358)
08-14 00:55:59.434 31465 31658 E AndroidRuntime: 	at com.facebook.react.runtime.internal.bolts.Task$Companion.access$completeImmediately(Task.kt:254)
08-14 00:55:59.434 31465 31658 E AndroidRuntime: 	at com.facebook.react.runtime.internal.bolts.Task.continueWith(Task.kt:133)
08-14 00:55:59.434 31465 31658 E AndroidRuntime: 	at com.facebook.react.runtime.internal.bolts.Task.continueWith$default(Task.kt:117)
08-14 00:55:59.434 31465 31658 E AndroidRuntime: 	at com.facebook.react.runtime.internal.bolts.Task.onSuccess$lambda$12(Task.kt:176)
08-14 00:55:59.434 31465 31658 E AndroidRuntime: 	at com.facebook.react.runtime.internal.bolts.Task.$r8$lambda$l0wwo5AvbHxlwfI1R7CH_codxoo(Task.kt:0)
08-14 00:55:59.434 31465 31658 E AndroidRuntime: 	at com.facebook.react.runtime.internal.bolts.Task$$ExternalSyntheticLambda2.then(D8$$SyntheticClass:0)
08-14 00:55:59.434 31465 31658 E AndroidRuntime: 	at com.facebook.react.runtime.internal.bolts.Task$Companion.completeAfterTask$lambda$5(Task.kt:394)
08-14 00:55:59.434 31465 31658 E AndroidRuntime: 	at com.facebook.react.runtime.internal.bolts.Task$Companion.$r8$lambda$IPpysnehFwANEiW061YzapkMdoE(Task.kt:0)
08-14 00:55:59.434 31465 31658 E AndroidRuntime: 	at com.facebook.react.runtime.internal.bolts.Task$Companion$$ExternalSyntheticLambda4.run(D8$$SyntheticClass:0)
08-14 00:55:59.434 31465 31658 E AndroidRuntime: 	at java.util.concurrent.ThreadPoolExecutor.runWorker(ThreadPoolExecutor.java:1100)
08-14 00:55:59.434 31465 31658 E AndroidRuntime: 	at java.util.concurrent.ThreadPoolExecutor$Worker.run(ThreadPoolExecutor.java:624)
08-14 00:55:59.434 31465 31658 E AndroidRuntime: 	at java.lang.Thread.run(Thread.java:1572)
